depto,departamento,pib_inicio,pib_fin,ocupados_inicio,ocupados_fin,horas_sem_inicio,horas_sem_fin,pib_trabajador_inicio,pib_trabajador_fin,pib_hora_inicio,pib_hora_fin,crec_pib,crec_ocupados,crec_pib_trabajador,crec_pib_hora,ranking_pib_trabajador,ranking_pib_hora,ranking_crec_pib_trabajador,ranking_crec_pib_hora,pib_hora_rel_lider,rem_trabajador_inicio,rem_hora_inicio,rem_total_mensual_inicio,ocupados_rem_inicio,horas_mensuales_inicio,rem_trabajador_fin,rem_hora_fin,rem_total_mensual_fin,ocupados_rem_fin,horas_mensuales_fin,crec_rem_trabajador,crec_rem_hora,rem_predicha_trabajador,residuo_trabajador,residuo_pct_trabajador,rem_predicha_hora,residuo_hora,residuo_pct_hora
5,Antioquia,111128.94804581454,149162.56286814398,2310905.774353146,3130339.2561002993,46.47023304954048,45.05931540430055,48.0889135676339,47.6506061052204,19.900627534871372,20.336700668743802,0.029872029789108634,0.030815444742597453,-0.0009152122800453188,0.002169941202573966,12,13,19,20,0.10061175828002966,1864181.3078146,9257.446287392951,4307947348669.9585,2310905.774353146,465349429.5221179,2119954.4145927005,10857.249941145361,6636176525142.659,3130339.2561002993,611220756.7400434,0.012940270576872859,0.016068209508449893,1580645.4365765639,539308.9780161367,0.34119541646493307,8231.60060257037,2625.649338574991,0.3189719066004144
8,Atlántico,33772.29157519511,45132.440414469056,757054.86887733,1209186.9753406516,47.00869792138585,44.97777455488898,44.61009758153663,37.32461673411125,18.24952678730431,15.958572831669366,0.02942053826044555,0.04794046478395364,-0.017672689571469502,-0.013324727634467681,20,20,30,29,0.07895184663370207,1251498.6599517043,6143.700971015187,947453153909.8917,757054.86887733,154215375.77753142,1582370.1463129995,8118.728529158714,1913381371089.5603,1209186.9753406516,235675003.07684636,0.02373551328654644,0.028266755570124147,1564596.7507963674,17773.395516632125,0.011359729276943472,8156.805439487423,-38.076910328709346,-0.004668115552245183
11,Bogotá D.C.,198995.5951380746,267051.3678142882,3620902.1725722044,3964950.027902832,47.144901120732825,45.36357146885013,54.957462437244686,67.35302234200888,22.417573322145355,28.552655527650163,0.02985275315678182,0.009118324725127636,0.0205470735429385,0.024485440262149494,6,6,7,8,0.14125855137436805,2364893.424053202,11575.899478978195,8563047737055.958,3620902.1725722044,739730657.872974,2947148.4144355017,14992.452105078448,11685296188049.828,3964950.027902832,779411940.4984876,0.022254528981426658,0.026199484897596603,1611266.9950472265,1335881.4193882751,0.8290875587314567,8371.96052498978,6620.491580088668,0.7907934539737633
13,Bolívar,27792.85110444693,35907.28967549529,655328.3124304536,796377.3261698836,44.824477908510985,43.86524406956144,42.41057585528389,45.088287292392764,18.195147724456575,19.766958245019953,0.025947062773217677,0.019684917432291282,0.0061412552386233,0.008320103088810038,14,14,16,14,0.0977930716134317,1160506.9604473328,5974.621703600907,760513067953.7458,655328.3124304536,127290581.00789617,1330554.9499651527,6999.873107117091,1059623793375.3516,796377.3261698836,151377571.7302623,0.013767832204856445,0.015963195778596395,1576663.0724642386,-246108.12249908596,-0.15609430245260475,8221.867223582018,-1221.9941164649263,-0.14862732311706447
15,Boyacá,20986.058056684422,25177.13652572238,511818.69847736997,529805.9535491505,43.2427447369208,40.43534088736809,41.002913959800004,47.52142998216927,18.2346791570971,22.600864329271605,0.018374571294451192,0.003460007688359523,0.01486313703766795,0.021698350450467085,13,11,11,9,0.11181325505327798,1280729.1880662532,6834.739361523615,655501146138.0485,511818.69847736997,95907263.09597309,1487851.043294151,8491.340328169474,788272340731.5562,529805.9535491505,92832498.78897369,0.0151032416357888,0.021940072179124748,1580444.670632048,-92593.62733789696,-0.058587073029812,8270.281174846401,221.05915332307268,0.026729339504854052
17,Caldas,12106.336467296247,15746.930873762623,417250.13007695647,429957.62929398025,47.31781818192782,45.25473484902362,29.014578054327714,36.624378312858774,11.792019926735021,15.5633431486158,0.026640323501335494,0.003004584043321934,0.023564936625446897,0.028138137050647716,21,21,6,5,0.07699652684096922,1458113.7390097345,7111.227838772978,608398147268.8091,417250.13007695647,85554585.09592436,1852688.968967749,9447.488967721816,796577756916.4819,429957.62929398025,84316346.87672676,0.02423853514623331,0.028814745151902965,1563508.4379974655,289180.53097028355,0.18495616905059026,8150.053405353361,1297.435562368455,0.15919350436602472
18,Caquetá,3323.447940373748,3896.2083901751707,188742.1580393684,156651.94694931235,47.332018665681105,45.74563210794312,17.60840278026562,24.871752097890372,7.154208502737029,10.455706980522395,0.016027188599481823,-0.01846297141110531,0.035138929053111445,0.0386738099285624,27,29,3,4,0.051727518662254966,1347749.6399762502,6571.009571420134,254377175545.8993,188742.1580393684,38712038.50505471,1473931.8518630723,7435.42288055188,230894294264.9557,156651.94694931235,31053283.447923813,0.00898989766934033,0.012435482597787706,1545242.4686615055,-71310.61679843324,-0.046148496591737316,8062.795450725846,-627.3725701739668,-0.07781080073381845
19,Cauca,13898.553682667705,17418.488066932117,510662.2042522689,653618.4184819818,39.437365030509255,37.424753781581735,27.216726765628756,26.649322562522446,13.27164203901044,13.693796767433026,0.022831476873009793,0.024988650659330647,-0.0021045830945866095,0.0031362435744983763,26,25,21,18,0.06774732011561477,1037554.6346820133,6071.290126543392,529839936778.8745,510662.2042522689,87269744.27765188,1060471.2353647884,6539.097963510637,693143531704.7666,653618.4184819818,105999869.6414451,0.002187062071872692,0.0074504279450282596,1548005.1743755802,-487533.9390107917,-0.31494335230981935,8118.114405014546,-1579.016441503909,-0.1945053201675198
20,Cesar,14390.724653960997,15193.05583498387,375681.4254301906,466649.8886965541,47.83317452444913,45.24457642006785,38.30565920974736,32.55771875874887,15.400342959019302,13.838343193154088,0.005440203727990367,0.021920577765630833,-0.01612686386418971,-0.010637670272929056,23,24,28,27,0.06846243464091442,1272853.4503725495,6140.830386958669,478187398599.69574,375681.4254301906,77870152.48218322,1260816.0306821216,6430.771786670463,588359660384.6432,466649.8886965541,91491298.3857054,-0.0009497523744319558,0.004624116872727457,1557188.0226829248,-296371.9920008031,-0.19032511660998724,8120.583810634298,-1689.8120239638347,-0.20808996783592626
23,Córdoba,13683.779018080728,17032.132414305022,631624.0728066363,774002.029012392,40.071649749518194,39.703648401760894,21.664435551476902,22.005281350538073,10.396970506819086,10.658428243878445,0.022130381394521947,0.02053603109380364,0.0015622675262230157,0.0024867365416685328,31,28,17,19,0.052730441559101685,1154852.3643335437,6650.696775280226,729432553850.7263,631624.0728066363,109677614.01511075,1044763.9808297885,6072.474190578331,808649441001.3202,774002.029012392,133166385.82934938,-0.009968136331154565,-0.00905431018979419,1540787.390637593,-496023.4098078046,-0.3219285235729669,8066.258705001955,-1993.7845144236235,-0.2471758701698051
25,Cundinamarca,46230.44792279673,60506.329392063584,965222.6841272218,1497470.1840930174,45.503374454059966,44.743474286666725,47.89614736893533,40.405698914607,20.242009920051732,17.366391050824163,0.027276304392146233,0.04489599942883693,-0.01686263039223257,-0.015205545703307566,15,15,29,30,0.08591674564436216,1487501.05451203,7543.824567664194,1435769760478.1746,965222.6841272218,190323853.3187065,1788958.8788621982,9226.745820134887,2678912581664.614,1497470.1840930174,290342080.933736,0.018624945481472643,0.020341844719661495,1569385.3785976013,219573.5002645969,0.1399105046211194,8180.856357416578,1045.889462718309,0.12784596343268262
27,Chocó,3471.6562487517144,3769.7102564905877,147373.91591592142,131819.79348657696,41.50544345497884,46.101869832132536,23.556789050325133,28.597452300473012,10.914596648897435,11.929039055917356,0.008270650235177035,-0.011091749258482886,0.019579571187864353,0.008927075659620032,25,26,9,13,0.05901653437086886,1032728.710334211,5741.945880800784,152197274120.75198,147373.91591592142,26506218.84641069,1159388.710645619,5803.479162394825,152830380407.97424,131819.79348657696,26334268.82933931,0.011636013799133371,0.0010665119988459981,1551032.9638589686,-391644.2532133495,-0.25250543498375366,8087.965595809626,-2284.4864334148015,-0.28245501373032467
41,Huila,13915.06204359526,15353.680484528884,385504.44524862897,485561.0025486689,44.789317751396474,42.75475798218274,36.095723966609036,31.620497535713756,15.498082414924976,14.22266245372801,0.00988689178947122,0.023343513031430785,-0.013149661937170376,-0.008551194879988011,24,23,26,26,0.07036377730101719,1305350.25025596,6725.59191028532,503218324080.0828,385504.44524862897,74821418.06887221,1359693.5649072973,7338.959518524003,660214170535.3608,485561.0025486689,89960186.9814022,0.004087125476291975,0.00876591149982131,1555731.3904538518,-196037.82554655452,-0.1260100726574429,8127.149453036771,-788.1899345127676,-0.09698233545074707
44,La Guajira,8720.613786502312,8221.498196294806,327326.18814675946,331294.377495861,44.36253756658363,42.970837566744265,26.641967866599025,24.816292562639465,11.549058372216802,11.106052906092627,-0.005876383022996645,0.001205741036966801,-0.0070735951360291205,-0.0039037246670802217,28,27,24,24,0.05494497502981806,1291612.0884482423,6718.829545223297,422778461476.03827,327326.18814675946,62924421.37881137,892333.0469178152,4792.15725100399,295624921297.6225,331294.377495861,61689319.82265129,-0.036305262076219647,-0.033228712317988074,1545156.2732740447,-652823.2263562295,-0.42249657050736805,8073.905845710535,-3281.748594706545,-0.4064635701009638
47,Magdalena,10128.23712088042,13126.113447441481,424610.63240295416,550091.0381352282,45.54777358181534,44.75745759078868,23.8529993080078,23.861711130466922,10.07099774767331,10.252572082998002,0.026266681171318806,0.026229206397181182,3.651696317352737e-05,0.0017884800271399381,30,31,18,22,0.05072254939310629,1159335.859685849,5873.811681756964,492266332548.6308,424610.63240295416,83806965.42885844,1153212.775250327,5945.959386051854,634372012728.26,550091.0381352282,106689597.34511171,-0.0005294139705424028,0.0012215576395362415,1543672.659752283,-390459.88450195594,-0.25294215197450864,8059.325129996626,-2113.3657439447716,-0.2622261429904189
50,Meta,29878.124081089773,32066.04600507523,361230.27541229775,508097.8658874078,49.8367484080087,46.87483668533024,82.71212607245545,63.109979706509776,31.916564781944544,25.891363932458002,0.007092144671698275,0.0347044642351777,-0.026686189649224534,-0.020704229628883408,7,9,31,31,0.1280923435882804,1685964.9118231537,7806.866182762844,609021569433.3481,361230.27541229775,78011016.86333963,1833148.973438711,9024.764850396748,931419081257.9014,508097.8658874078,103207019.42909396,0.008404843093104963,0.014602471639572734,1604672.4445822006,228476.5288565103,0.142382035429042,8326.495489184274,698.2693612124749,0.08386113486994547
52,Nariño,11569.079276205677,14662.831531486238,619344.9242966219,824688.2288883963,41.207546443304764,37.48913570580341,18.679541596864556,17.779848211548238,8.717382731827794,9.120513222753736,0.023981015103586856,0.029048209394181512,-0.0049241563654028875,0.0045309367422794455,33,33,23,17,0.04512191464605922,1015758.7534231069,5688.420845367959,629105028242.4652,619344.9242966219,110593967.17363852,1055936.988490818,6499.956907170903,870818804856.2397,824688.2288883963,133973012.0203616,0.0038867980807628655,0.01342561183666402,1534220.2089084883,-478283.2204176702,-0.31174352784594195,8039.985236274371,-1540.0283291034684,-0.19154616381075573
54,Norte de Santander,12253.405829289468,15628.732391989028,552809.7225273908,642195.3250474753,46.00101045207522,46.674687287846346,22.16568437557162,24.336415701614847,9.266386909321797,10.027019385809337,0.024629118493009416,0.01510074547684126,0.009386627936808445,0.007920184627493887,29,32,15,15,0.04960667254471304,1315080.214851916,6597.247464756953,726989128673.5492,552809.7225273908,110195825.23729567,1490170.0387327948,7367.706427960717,956980232400.016,642195.3250474753,129888485.88866691,0.012577699169240564,0.011106619851355415,1544410.4471184108,-54240.40838561603,-0.03512046197746122,8055.471827535432,-687.765399574715,-0.08537866115101747
63,Quindío,6103.736923208317,7970.451714641012,362483.14589318994,235888.77959825317,47.37419100247256,43.117794460174665,16.8386778595407,33.78902433687455,6.835382751996534,15.070087366260141,0.027043203165997953,-0.04205197468466004,0.07212831596778235,0.08226918512358505,22,22,1,1,0.07455624253168258,1295273.9214501982,6309.540282659529,469514965840.67645,362483.14589318994,74413498.41779147,1705686.0244509606,9128.942162381212,402352194685.5333,235888.77959825317,44074350.29477533,0.027906818564936264,0.03762941276954401,1559101.721759357,146584.30269160355,0.09401843423416373,8141.6267106437,987.3154517375124,0.1212675902282251
66,Risaralda,12366.56066412632,16348.008932040064,445497.8159564528,422915.4710528113,48.88982511941321,45.365321665451894,27.75897035000312,38.655499859920276,10.918966299854961,16.386415217954436,0.028304161565897212,-0.005188494759557072,0.033667339138140795,0.04143038110962349,19,19,4,3,0.0810685112516272,1471723.0249028963,6946.811315701493,655649393287.0645,445497.8159564528,94381344.69049655,1816850.388764765,9242.151300721878,768374137996.934,422915.4710528113,83138017.65362988,0.02129053771289402,0.028960627507889303,1566665.2136166017,250185.17514816346,0.1596928130998825,8164.114623286262,1078.0366774356162,0.13204575476693628
68,Santander,52134.65967115733,62586.91370183193,967061.9092605794,1009902.5625092613,46.92691172654979,45.61257372903086,53.910364136893534,61.9732200167162,22.092606006220162,26.128599971341274,0.01844058883158861,0.0043440699377963465,0.014035547493863598,0.016920305448357986,8,8,12,12,0.12926602143250024,1821072.3213290835,8955.361503801818,1761089675966.0989,967061.9092605794,196651991.68324628,1798426.6096841346,9098.840328047005,1816235641604.8506,1009902.5625092613,199611772.0635605,-0.0012505512294382903,0.0015907203847653761,1602905.6890284775,195520.92065565707,0.12197905465926849,8330.54838779248,768.2919402545249,0.09222585410828102
70,Sucre,6468.790898497221,8123.3195009249675,359468.5955626244,369316.4532408935,43.94919179086323,40.811681022923565,17.995427078609065,21.995552674785333,7.874226834583374,10.364468872390605,0.023036296024496528,0.002706361191726181,0.020275063188596842,0.027859875847139337,32,30,8,7,0.05127613637410478,1091590.4008121018,5731.743107113398,392392468309.5685,359468.5955626244,68459535.07975411,1009875.7547591535,5710.332073000496,372963731961.6209,369316.4532408935,65313842.90680086,-0.007750648409491245,-0.00037418130379363035,1540772.2702985532,-530896.5155393997,-0.34456520653537503,8061.236754993093,-2350.904681992597,-0.2916307699977249
73,Tolima,17182.19853385976,20323.273624119254,510845.0993601897,507517.6378363845,45.4795270284084,45.489649902621075,33.634850476944344,40.044467638129944,14.222312541410382,16.92881606621272,0.01693101553925791,-0.0006532812401135457,0.017595791780046444,0.017573144813320063,16,18,10,10,0.08375193094318606,1328807.7758926211,6742.549193428674,678814940306.4587,510845.0993601897,100676305.18262078,1495239.630319191,7585.358428633386,758860485178.9446,507517.6378363845,100042798.54652359,0.01187033488489564,0.011847815340307655,1568823.9517897856,-73584.32147059473,-0.04690412929165595,8173.38090362606,-588.0224749926738,-0.07194360350094561
76,Valle del Cauca,75900.94881265119,99509.13857737576,1598280.4001437454,1825807.5991241753,46.2128189690207,44.717599681131645,47.48913194820186,54.5014374050746,19.761887671852044,23.438301092991047,0.02745208118011666,0.01339837524190024,0.013867898628574071,0.017208007404161174,10,10,13,11,0.11595630591578326,1540247.1926073385,7691.4083096886425,2461746899320.7373,1598280.4001437454,320064518.77216643,1794627.4620089084,9261.337859775129,3276644457732.797,1825807.5991241753,353798177.6870794,0.015402874074271544,0.01874803970683514,1591293.0205429113,203334.44146599714,0.1277793837093713,8284.587796682255,976.7500630928735,0.11789965741977343
81,Arauca,4309.532798854145,4959.993820668658,24467.03835557965,28966.777300403457,46.70328635839672,49.31920710657472,176.13626693282907,171.23043303127733,72.52671421366517,66.76694813429401,0.014156770870772606,0.017025583342861195,-0.0028207869291342336,-0.008240538693740307,2,3,22,25,0.3303161194238008,2126444.4294138406,10507.13950799144,52027797415.47713,24467.03835557965,4951661.427537554,1313035.2535797067,6143.816034728524,38034399778.02214,28966.777300403457,6190680.118517377,-0.047067289437572435,-0.05224655778966403,1772713.599716105,-459678.3461363984,-0.2593077337535034,9024.806753784074,-2880.9907190555505,-0.3192301838316438
85,Casanare,13429.612168509564,13130.556138201273,58025.18134637739,79471.39571872605,46.8709241836557,46.88652111927133,231.44455315602386,165.2236760088421,94.95986838283956,67.76741607044625,-0.0022494749710975093,0.03195184868157841,-0.033142363857743384,-0.03317453146967286,3,2,33,33,0.33526573439815965,2121235.4530084245,10443.913413208807,123085071839.17882,58025.18134637739,11785340.127725353,2125207.787052545,10459.990516151072,168893229029.3709,79471.39571872605,16146594.852890745,0.00018710749648498393,0.0001538310041369062,1763377.8786973744,361829.90835517086,0.20519136183247255,9041.898571389329,1418.0919447617434,0.15683563950262794
86,Putumayo,3780.4926430609175,3446.076292775432,15682.09240517457,7779.771808025781,43.66134436966779,42.14275546132247,241.0706776484419,442.9533896123258,106.18029831859754,202.13045688100667,-0.00921904685155106,-0.06769871027951302,0.06272614236701823,0.06649489671256603,1,1,2,2,1.0,1833267.4037659331,9689.617089648682,28749468829.251842,15682.09240517457,2967038.6934035406,1897373.2772387036,10389.813548673208,14761131131.56315,7779.771808025781,1420731.090352258,0.003442973729881116,0.00700149169324904,2195026.2898333548,-297653.0125946512,-0.13560339298589852,11337.333041037415,-947.5194923642066,-0.08357516612897388
88,San Andrés y Providencia,1198.6327544902226,1531.4890568553647,19290.593391343842,18590.07950296974,47.26252696910912,47.58995461267855,62.135608281914145,82.38206063673431,25.282514933320506,33.29001697425881,0.024808633968738336,-0.00369211827526017,0.028606370346744514,0.027896469545531488,5,5,5,6,0.16469569944056725,2017991.9755650784,9853.27035526496,38928262667.620605,19290.593391343842,3950796.158436861,1971909.2954173198,9562.017760969207,36657950574.45302,18590.07950296974,3833704.5057671345,-0.00230740250578787,-0.0029959679227865577,1634625.1745399758,337284.1208773439,0.20633728522642145,8452.89277164129,1109.1249893279164,0.13121247592882437
91,Amazonas,562.6006944249419,723.4015869922182,11100.542801846786,14405.725199169787,45.723342517831725,44.45760422073911,50.68226882845248,50.2162561752815,21.316442811495453,21.72175606551329,0.02545809868404514,0.02640578475122446,-0.0009233054618931202,0.001885335421484946,11,12,20,21,0.10746404278055333,2000916.9219004558,10098.781792254722,22211263934.495533,11100.542801846786,2199400.3228716655,1606419.7320401417,8338.556527130248,23141641214.294247,14405.725199169787,2775257.460808813,-0.02172040002579423,-0.018970224694027205,1584632.9781395595,21786.753900582204,0.013748769715849894,8255.262644460292,83.29388266995556,0.010089791961476849
94,Guainía,291.88383692139314,340.66665968126017,6496.575731561519,8785.140523281752,45.04516889098742,43.890743652278886,44.92887468445409,38.777599376862526,19.1811206867904,16.990440418316872,0.015574899629384742,0.03063864004678285,-0.014615928252713739,-0.012054321495012732,18,17,27,28,0.08405680509750726,1999413.446496878,10243.120725207404,12989340873.869394,6496.575731561519,1268103.8545122081,1853201.735417457,9743.784300640007,16280637663.63197,8785.140523281752,1670874.1861786286,-0.007565144131087886,-0.004985208138349684,1566854.9810772194,286346.7543402377,0.1827525570639429,8174.433683178653,1569.350617461354,0.19198279395070061
95,Guaviare,647.2151446967969,810.5084162106315,14987.864333672549,20755.49725219247,48.58826992627094,44.08560296929089,43.18261296525938,39.05030105337587,17.09126227331513,17.034298668266917,0.022753291318734936,0.03309280979841733,-0.010008315208098417,-0.0003337917318024797,17,16,25,23,0.08427378501546126,1699778.0500541474,8073.069357782,25476042811.56603,14987.864333672549,3155682.3907388467,1736268.5035340975,9088.621227399579,36037116154.17029,20755.49725219247,3965080.6489249156,0.0021263162575744232,0.011919423332898749,1567278.8148969926,168989.68863710482,0.10782362846409778,8175.182949778356,913.4382776212233,0.11173306863377147
97,Vaupés,224.751000735887,280.5192993552313,2743.4991708854354,4792.27741292061,45.680688295633374,43.018225878314766,81.92129347841245,58.53569716121073,34.48742890592706,26.167664074610038,0.02241240726589111,0.05736203224790137,-0.033053603133175735,-0.027229450830935753,9,7,32,32,0.12945928326879916,2341210.543735164,11827.303317980472,6423109185.605662,2743.4991708854354,543074.6986797001,2256890.2483088775,12106.980608778676,10815644160.41142,4792.27741292061,893339.5129557805,-0.0036613062706599697,0.002339882953166006,1597563.0799875848,659327.1683212926,0.41270806554093403,8331.215752036605,3775.764856742071,0.45320694711561965
99,Vichada,489.90750437631243,640.1519018187548,6063.055784236426,6943.32428233031,44.01944684419093,46.491137582165024,80.80207766684943,92.19674550529676,35.299991716795816,38.13660901514459,0.02710985159809365,0.01364898188216812,0.013279616471306266,0.007759143145216418,4,4,14,16,0.18867324402079322,1998544.416981866,10477.245645487,12117286287.435318,6063.055784236426,1156533.5678327589,1603738.3234349994,7960.51631561294,11135275243.609932,6943.32428233031,1398813.192778758,-0.021767763785915162,-0.02709729462711319,1649879.1892233447,-46140.865788345225,-0.027966208731964995,8535.69109448259,-575.1747788696503,-0.06738467600373203
