depto,departamento,ocupados_inicio,ocupados_fin,horas_sem_inicio,horas_sem_fin,rem_trabajador_inicio,rem_trabajador_fin,rem_hora_inicio,rem_hora_fin,crec_ocupados,crec_rem_trabajador,crec_rem_hora,share_ocupados_remuneracion_valida_fin,ranking_rem_trabajador,ranking_rem_hora,ranking_crec_rem_trabajador,ranking_crec_rem_hora,rem_trabajador_rel_lider,rem_hora_rel_lider,rem_trabajador_brecha_lider,rem_hora_brecha_lider
5,Antioquia,2216839.4908533823,3311770.0767034027,47.02407680968584,44.8259338750056,1685996.673479852,2182042.497344591,8273.97754118773,11233.413898795647,0.027121283528209084,0.017342293073815185,0.020594354212665644,0.9996946459625347,2,2,7,9,0.7538911606412734,0.7522956681791928,0.24610883935872663,0.2477043318208072
8,Atlántico,760919.0698676498,1256860.111565948,47.45580346195584,43.9597980067367,1359575.2171888978,1614859.7664716777,6611.375304078794,8477.289773982578,0.03402228421168152,0.01153777321425875,0.01671137190273919,0.9997502091698139,10,11,15,15,0.5579307025870316,0.5677195225176023,0.4420692974129684,0.43228047748239773
11,Bogotá D.C.,3269608.6969012227,4160820.0668823733,48.31068730518667,44.73106681283916,2268061.6416596645,2894373.36748783,10834.01767970308,14932.179426187933,0.01619926633451496,0.01638905566069715,0.021618880844231247,0.9996508496484138,1,1,9,7,1.0,1.0,0.0,0.0
13,Bolívar,646900.0423447139,885761.33413306,47.97471073358167,43.710940975459465,1125701.600559124,1363169.477568969,5414.879807808414,7196.769612516412,0.02117138334494406,0.012842161326511059,0.01914642470238448,1.0,17,16,13,11,0.4709722293886815,0.48196377816722297,0.5290277706113184,0.518036221832777
15,Boyacá,428967.0211261067,522604.17780840414,41.97671980733322,40.14901986976799,1181958.067505909,1562312.5845155204,6497.876806280963,8979.887292870517,0.013249966717760575,0.018773697993877958,0.02180171555307897,0.9999665017641903,13,9,4,6,0.5397757601230033,0.601378207197381,0.4602242398769967,0.398621792802619
17,Caldas,392289.33006841835,466839.7189306313,47.94546497120082,43.62012617265772,1349005.4241247324,1784956.6408409935,6492.979976641731,9443.188434001011,0.011666618941515994,0.018843779739564637,0.02528587152326711,0.9998901696812273,8,6,3,3,0.6166988201630136,0.6324052346598263,0.3833011798369864,0.36759476534017366
18,Caquetá,172190.04403764955,153617.57973122044,48.72963415460856,46.314754451059976,1287342.9687471038,1566127.3894125754,6096.478083364618,7803.43148150043,-0.007579960002561892,0.013154135094601838,0.01659298134740461,0.9992786670343241,12,13,12,17,0.5410937673089132,0.5225915962284002,0.45890623269108677,0.47740840377159977
19,Cauca,482915.1096216211,627653.8564868355,40.692434067088,38.79690332407056,898017.1180809987,1152487.9885157372,5092.708861197487,6855.154504445907,0.01763013801269775,0.0167717068311779,0.02001030616549815,0.9999337079135951,20,18,8,10,0.3981822115493132,0.4590859986870633,0.6018177884506868,0.5409140013129368
20,Cesar,353503.7225172694,515871.15542724985,49.192518154829116,44.59242259757599,1236827.6656027017,1379240.6078960267,5802.137798412738,7137.676663190623,0.025517675794931582,0.007292011254912634,0.013906534665067527,0.9998358955970452,16,17,21,19,0.47652477160993845,0.47800635523255397,0.5234752283900616,0.521993644767446
23,Córdoba,598140.0017920486,791370.3113817273,44.40376258192559,39.86186782861398,936210.3663811664,1083436.288609747,4865.545925063193,6272.253974272314,0.018837982189565228,0.009784411804558468,0.017074589204887358,1.0,22,22,19,14,0.37432499233853683,0.42004946466636256,0.6256750076614632,0.5799505353336374
25,Cundinamarca,902924.6650400647,1706608.0129832893,45.87435449986113,43.971877228199176,1287543.951593701,1986618.8578103834,6476.941867198449,10425.993488277676,0.04335511840291284,0.029335219396903423,0.032245892349949346,0.9992984687778147,3,3,1,1,0.6863726981894765,0.698223158904229,0.31362730181052345,0.30177684109577096
27,Chocó,199424.21845789676,137366.38913717508,47.67876934841913,44.167617256392276,997285.8293236702,1217817.226190146,4826.946811656928,6362.913871355486,-0.024545899037638708,0.013407617232782165,0.018588813021035877,1.0,19,21,11,12,0.4207533277737246,0.4261209090614234,0.5792466722262755,0.5738790909385766
41,Huila,364173.5576786011,467605.97177084093,44.19046750198724,43.999819249357145,1192525.0466185892,1404581.0269040922,6227.544156866801,7366.713969772712,0.016806021264718085,0.0109708168436089,0.011262259219310344,0.9999653404828732,15,15,16,23,0.4852798338602727,0.4933448600847261,0.5147201661397274,0.5066551399152739
44,La Guajira,271571.4127948123,348363.9258438963,44.743764978034186,43.72991394704819,1158698.0709609487,1015443.427396074,5976.069797897405,5358.645318022194,0.016740074863440535,-0.008759518618713935,-0.007243764778335771,1.0,23,24,24,24,0.35083359970155736,0.3588655858651314,0.6491664002984426,0.6411344141348686
47,Magdalena,391449.7493849413,594008.2057770757,49.47654646062927,43.69173100813589,1115738.3525090711,1227025.2857482142,5204.043122798276,6480.852893509381,0.028192492178626738,0.006358556195873222,0.014735260723344634,0.9992410014851516,18,20,22,18,0.4239346932677211,0.4340192217449058,0.576065306732279,0.5659807782550942
50,Meta,339224.6313782941,524442.8747610816,50.28670560686086,46.76763147524772,1506813.4127954268,1796562.3399495124,6914.872787691982,8864.919948715926,0.029470850363145784,0.011794204851602874,0.01669973000446312,0.9995221659422897,7,10,14,16,0.6207085651526837,0.5936789061862398,0.3792914348473163,0.40632109381376025
52,Nariño,596192.2221348764,849082.5809281862,42.72999190273912,37.15201473550702,968049.6577232918,1102292.5562450374,5228.086056456772,6846.875118301571,0.023852924251775987,0.00869518855112461,0.018145810630439962,0.999942513709612,21,19,20,13,0.3808397937277082,0.45853153266385066,0.6191602062722918,0.5414684673361494
54,Norte de Santander,522222.97659854864,673286.7145479275,47.82189981656348,45.61940945784548,1286989.5610788725,1504980.657990125,6210.49335466455,7613.058408567889,0.01708270936952405,0.010486214235291724,0.013667534779069346,0.9999296455576363,14,14,18,21,0.5199676983264852,0.5098424142437085,0.48003230167351485,0.49015758575629154
63,Quindío,254039.902530443,256407.09811340953,48.287741264801625,42.82034478425123,1385982.2186463887,1707687.9823464286,6623.669736443054,9203.145001879651,0.0006185283535713459,0.014012691951880596,0.02216853077467551,0.9998994255032433,9,8,10,4,0.5900026587891857,0.6163296555182863,0.4099973412108143,0.38367034448171367
66,Risaralda,418703.329710254,449847.63761151687,47.74345796963061,44.9518557772631,1230220.9398198214,1821953.2355268158,5946.304520694877,9353.356816754622,0.004794545014541685,0.02652675714370023,0.030658265270002483,0.9999058247978169,6,7,2,2,0.629481066953079,0.6263892597185634,0.37051893304692096,0.3736107402814366
68,Santander,875956.21370853,1045570.2664773326,47.19970214486412,45.4180536549711,1650471.0280136995,1936679.5066878323,8069.4985822716035,9840.27284392376,0.011870003914513205,0.010717976602072632,0.013313991731837227,0.9997015829975002,4,5,17,22,0.6691187558738395,0.6589977633583729,0.3308812441261605,0.3410022366416271
70,Sucre,298255.95407794014,403195.9914862028,45.44576874016974,38.748169244439225,961998.9629398845,1007487.3901417025,4884.937956439677,6000.2083857437065,0.020301375726659243,0.0030848420366746954,0.01380357595990822,1.0,24,23,23,20,0.34808480531872454,0.4018307183759519,0.6519151946812755,0.598169281624048
73,Tolima,491270.9001795661,580409.6244525462,46.27121896192689,44.344418426153204,1210094.5669662554,1577399.2918482802,6035.125044071221,8208.817120963078,0.011177904172470665,0.01782900326099157,0.02071920735200239,0.9997703084779094,11,12,5,8,0.5449881862399056,0.5497400537905754,0.45501181376009436,0.45025994620942456
76,Valle del Cauca,1576468.7412397896,2011697.4232403866,46.939862422369316,44.01473125744488,1466842.6213203396,1907174.8546495722,7211.400415615679,9999.317537022507,0.016385560178825198,0.017654754809453888,0.02202938652039199,0.999689835127728,5,4,6,5,0.6589249597417709,0.669648900647804,0.3410750402582291,0.330351099352196
