anio,pib_miles_millones_2015,ocupados,horas_sem_expandidas,horas_anuales,group_code,group_name,group_label_short,group_order,sector_code,dane_groups,pib_pesos_2015,pib_por_trabajador_millones_2015,pib_por_hora_pesos_2015
2010,39943.0,2956386.2670199876,132949949.21140671,6913397358.993149,A,Agropecuario,Agropecuario,0,A,A,39943000000000.0,13.510751435150661,5777.622480796794
2011,40706.0,2962123.234075517,132918897.10351674,6911782649.382871,A,Agropecuario,Agropecuario,0,A,A,40706000000000.0,13.742169647679903,5889.363434140178
2012,41725.00000000001,2949416.079599234,129875306.14163673,6753515919.365109,A,Agropecuario,Agropecuario,0,A,A,41725000000000.01,14.146868015200349,6178.263366546196
2013,44834.99999999999,2866044.599024037,127041660.01723886,6606166320.8964205,A,Agropecuario,Agropecuario,0,A,A,44834999999999.99,15.643510926266632,6786.840933474428
2014,46140.0,2835772.625633171,125319488.38932852,6516613396.245083,A,Agropecuario,Agropecuario,0,A,A,46140000000000.0,16.27069800411021,7080.364783736623
2015,48124.0,2822782.0079052006,123696986.48146445,6432243297.036152,A,Agropecuario,Agropecuario,0,A,A,48124000000000.0,17.04842948028886,7481.682171782055
2016,49441.0,2824674.319125413,125238596.83053489,6512407035.187815,A,Agropecuario,Agropecuario,0,A,A,49441000000000.0,17.50325680565826,7591.816625229437
2017,52198.0,2989332.6662863414,130184916.76855536,6769615671.964878,A,Agropecuario,Agropecuario,0,A,A,52198000000000.0,17.461422272833143,7710.629750543808
2018,53029.99999999999,3033345.5185313057,130953558.81316754,6809585058.284712,A,Agropecuario,Agropecuario,0,A,A,53029999999999.99,17.48234735411092,7787.55233191226
2019,54471.0,2938597.2203198792,126046441.45668806,6554414955.747779,A,Agropecuario,Agropecuario,0,A,A,54471000000000.0,18.536395400956174,8310.581549651904
2021,57967.99999999999,2744398.01972018,117655679.99291658,6118095359.631662,A,Agropecuario,Agropecuario,0,A,A,57967999999999.99,21.122300622382188,9474.844145529947
2022,57442.0,2904810.448308547,122052805.6807599,6346745895.399515,A,Agropecuario,Agropecuario,0,A,A,57442000000000.0,19.774784283583156,9050.6223105036
2023,58389.0,2972460.4827932543,126403196.76730928,6572966231.900083,A,Agropecuario,Agropecuario,0,A,A,58389000000000.0,19.643322539693177,8883.204011702519
2024,61967.0,2942957.6415224085,122413954.4261189,6365525630.158183,A,Agropecuario,Agropecuario,0,A,A,61967000000000.0,21.05602850877056,9734.78132055846
2025,63894.79103692441,3127958.1670110263,131258843.45357525,6825459859.585913,A,Agropecuario,Agropecuario,0,A,A,63894791036924.414,20.4269966621645,9361.243396250928
2010,38427.0,191369.27809326013,9519565.705094153,495017416.664896,B,Minas,Minas,1,B,B,38427000000000.0,200.80025583455117,77627.57169009531
2011,43973.99999999999,219230.1553819825,10896110.633486569,566597752.9413016,B,Minas,Minas,1,B,B,43973999999999.99,200.58371953156043,77610.6148881173
2012,46335.0,213174.15960678895,10396683.219675405,540627527.423121,B,Minas,Minas,1,B,B,46335000000000.0,217.35748875692704,85705.95770595309
2013,48794.0,199412.62389731884,9745044.444395352,506742311.10855836,B,Minas,Minas,1,B,B,48794000000000.0,244.6886212435824,96289.5715048096
2014,48136.0,190084.27413505933,9072386.671843372,471764106.9358554,B,Minas,Minas,1,B,B,48136000000000.0,253.2350465025752,102034.04475310144
2015,47627.0,179129.67309641204,8791249.905666092,457144995.0946368,B,Minas,Minas,1,B,B,47627000000000.0,265.88001405197656,104183.57525743096
2016,46253.00000000001,155190.31280836582,7484209.163163992,389178876.4845276,B,Minas,Minas,1,B,B,46253000000000.01,298.0405101516533,118847.66310496008
2017,43592.0,164674.3485572578,7916672.9039788805,411666991.00690174,B,Minas,Minas,1,B,B,43592000000000.0,264.7163956130236,105891.4145469321
2018,42868.00000000001,188535.86999711173,8867148.521293255,461091723.10724926,B,Minas,Minas,1,B,B,42868000000000.01,227.3731783806271,92970.65605757789
2019,43693.0,188596.58049101662,9030229.21204678,469571919.02643263,B,Minas,Minas,1,B,B,43693000000000.0,231.6744019761335,93048.57941801345
2021,36980.0,231026.1621088288,10673638.942030106,555029224.9855655,B,Minas,Minas,1,B,B,36980000000000.0,160.06845139287708,66627.12220417173
2022,37518.0,267899.6882894834,12432560.293436844,646493135.2587159,B,Minas,Minas,1,B,B,37518000000000.0,140.04495578008778,58033.09881238865
2023,38481.0,266077.72842279804,12447036.770742185,647245912.0785936,B,Minas,Minas,1,B,B,38481000000000.0,144.62315289633565,59453.446181560954
2024,37168.0,279681.8355761561,13067981.786497824,679535052.8978869,B,Minas,Minas,1,B,B,37168000000000.0,132.8938646424155,54696.22183800017
2025,34717.51991331087,299823.92017377104,13782698.184378482,716700305.587681,B,Minas,Minas,1,B,B,34717519913310.867,115.79302909917726,48440.77732720253
2010,23932.0,597890.3662379812,27157524.380547255,1412191267.7884574,C01,"Alimentos, bebidas y tabaco","Alimentos, bebidas y tabaco",2,C,C01,23932000000000.0,40.02740527596029,16946.712917633584
2011,24803.0,614324.6785566962,27684590.45208848,1439598703.508601,C01,"Alimentos, bebidas y tabaco","Alimentos, bebidas y tabaco",2,C,C01,24803000000000.0,40.37441578657161,17229.106930667513
2012,25068.000000000004,608153.1354544178,27255566.448554482,1417289455.3248332,C01,"Alimentos, bebidas y tabaco","Alimentos, bebidas y tabaco",2,C,C01,25068000000000.004,41.219881208486996,17687.28321925925
2013,25935.0,523496.4188698601,23683992.905711826,1231567631.097015,C01,"Alimentos, bebidas y tabaco","Alimentos, bebidas y tabaco",2,C,C01,25935000000000.0,49.54188618135968,21058.526828038248
2014,26659.999999999996,530271.006138224,24486880.01833049,1273317760.9531853,C01,"Alimentos, bebidas y tabaco","Alimentos, bebidas y tabaco",2,C,C01,26659999999999.996,50.27617895640822,20937.42883162389
2015,27219.0,523683.94548614416,24390390.36964231,1268300299.2214,C01,"Alimentos, bebidas y tabaco","Alimentos, bebidas y tabaco",2,C,C01,27219000000000.0,51.9760062049108,21461.005738711516
2016,27871.0,472902.4126220864,22480112.24438496,1168965836.7080178,C01,"Alimentos, bebidas y tabaco","Alimentos, bebidas y tabaco",2,C,C01,27871000000000.0,58.93604950218923,23842.44186167912
2017,27923.999999999996,536213.5547065029,25132295.464608856,1306879364.1596606,C01,"Alimentos, bebidas y tabaco","Alimentos, bebidas y tabaco",2,C,C01,27923999999999.996,52.07626654511601,21366.930082299885
2018,28594.0,597046.6148897866,27136062.96525871,1411075274.1934528,C01,"Alimentos, bebidas y tabaco","Alimentos, bebidas y tabaco",2,C,C01,28594000000000.0,47.8924078738448,20263.979195825577
2019,29391.0,574217.7726873294,25817626.450400043,1342516575.4208024,C01,"Alimentos, bebidas y tabaco","Alimentos, bebidas y tabaco",2,C,C01,29391000000000.0,51.18441364580308,21892.467130834193
2021,30075.0,432419.3198512832,19531437.154264357,1015634732.0217465,C01,"Alimentos, bebidas y tabaco","Alimentos, bebidas y tabaco",2,C,C01,30075000000000.0,69.5505464703643,29612.023941059986
2022,32252.0,526035.0110441843,24402476.872606676,1268928797.3755472,C01,"Alimentos, bebidas y tabaco","Alimentos, bebidas y tabaco",2,C,C01,32252000000000.0,61.31150840317545,25416.71374052269
2023,32056.999999999996,587317.3969080156,26932285.108813006,1400478825.6582763,C01,"Alimentos, bebidas y tabaco","Alimentos, bebidas y tabaco",2,C,C01,32056999999999.996,54.58207124251199,22890.028333653692
2024,32379.000000000004,605258.9875132598,27466816.43832314,1428274454.7928033,C01,"Alimentos, bebidas y tabaco","Alimentos, bebidas y tabaco",2,C,C01,32379000000000.004,53.49610772907467,22670.01267952885
2025,33458.195769954255,658697.2624801123,29476915.466762863,1532799604.271669,C01,"Alimentos, bebidas y tabaco","Alimentos, bebidas y tabaco",2,C,C01,33458195769954.254,50.79449646409368,21828.160495808832
2010,9642.0,615042.3450456902,28332443.510665324,1473287062.5545967,C02,"Textiles, confecciones y cuero","Textiles, confecciones y cuero",3,C,C02,9642000000000.0,15.676969362627734,6544.54942628853
2011,10422.0,646162.1800130641,29694168.10086173,1544096741.2448099,C02,"Textiles, confecciones y cuero","Textiles, confecciones y cuero",3,C,C02,10422000000000.0,16.129077687260015,6749.577096832715
2012,10355.000000000002,673110.4873091623,30917643.262083307,1607717449.6283321,C02,"Textiles, confecciones y cuero","Textiles, confecciones y cuero",3,C,C02,10355000000000.002,15.383804286567162,6440.8083661677265
2013,10128.0,650347.4242923816,29489529.54680385,1533455536.4338002,C02,"Textiles, confecciones y cuero","Textiles, confecciones y cuero",3,C,C02,10128000000000.0,15.573214595290962,6604.691012791703
2014,10303.0,674218.4615194757,30997936.00636424,1611892672.3309407,C02,"Textiles, confecciones y cuero","Textiles, confecciones y cuero",3,C,C02,10303000000000.0,15.281397036770974,6391.8647791238745
2015,10343.0,670309.7372872517,30183559.87504712,1569545113.5024502,C02,"Textiles, confecciones y cuero","Textiles, confecciones y cuero",3,C,C02,10343000000000.0,15.430180146059334,6589.807397711256
2016,10814.999999999998,667970.5517745406,30086683.880959157,1564507561.8098762,C02,"Textiles, confecciones y cuero","Textiles, confecciones y cuero",3,C,C02,10814999999999.998,16.190833519933935,6912.718266116166
2017,10510.000000000002,640600.5593194328,29121200.86337798,1514302444.895655,C02,"Textiles, confecciones y cuero","Textiles, confecciones y cuero",3,C,C02,10510000000000.002,16.406479587163822,6940.489355628167
2018,10397.0,623271.3565339574,28174072.12430703,1465051750.4639654,C02,"Textiles, confecciones y cuero","Textiles, confecciones y cuero",3,C,C02,10397000000000.0,16.68133773677364,7096.677640709543
2019,10473.0,630918.9518118696,28377316.07827217,1475620436.0701528,C02,"Textiles, confecciones y cuero","Textiles, confecciones y cuero",3,C,C02,10473000000000.0,16.599596461516484,7097.353590393147
2021,11683.0,567834.1737387141,24324500.76709394,1264874039.888885,C02,"Textiles, confecciones y cuero","Textiles, confecciones y cuero",3,C,C02,11683000000000.0,20.574668697865075,9236.492829773242
2022,13106.0,648355.6740522385,28906833.306343317,1503155331.9298525,C02,"Textiles, confecciones y cuero","Textiles, confecciones y cuero",3,C,C02,13106000000000.0,20.214213470342887,8718.992456470636
2023,11641.0,626794.5185070585,27452993.55486887,1427555664.8531814,C02,"Textiles, confecciones y cuero","Textiles, confecciones y cuero",3,C,C02,11641000000000.0,18.57227473483227,8154.4981303389195
2024,11291.0,626827.552993502,27020790.130462646,1405081086.7840576,C02,"Textiles, confecciones y cuero","Textiles, confecciones y cuero",3,C,C02,11291000000000.0,18.012928669262003,8035.835160120746
2025,11916.225372851644,680920.0403536807,29335325.017734483,1525436900.9221933,C02,"Textiles, confecciones y cuero","Textiles, confecciones y cuero",3,C,C02,11916225372851.645,17.500183085611884,7811.680290182941
2010,5406.0,143425.7515516847,6610697.85707774,343756288.5680425,C03,"Madera, papel e impresión","Madera, papel e impresión",4,C,C03,5406000000000.0,37.69197610271473,15726.257758132462
2011,5541.0,139083.26727207057,6392651.658814944,332417886.2583771,C03,"Madera, papel e impresión","Madera, papel e impresión",4,C,C03,5541000000000.0,39.83944372805723,16668.778152608702
2012,5671.000000000002,132115.35520782694,6015807.03359053,312821965.74670756,C03,"Madera, papel e impresión","Madera, papel e impresión",4,C,C03,5671000000000.002,42.924609263466095,18128.522357639744
2013,5660.0,134324.6379950462,6143333.496822633,319453341.83477694,C03,"Madera, papel e impresión","Madera, papel e impresión",4,C,C03,5660000000000.0,42.13672252895806,17717.767381902624
2014,5782.0,121642.37310098158,5638704.176687438,293212617.18774676,C03,"Madera, papel e impresión","Madera, papel e impresión",4,C,C03,5782000000000.0,47.532778690531345,19719.478839131032
2015,6057.0,113420.19948170401,5248701.962048588,272932502.0265266,C03,"Madera, papel e impresión","Madera, papel e impresión",4,C,C03,6057000000000.0,53.403185919956556,22192.300129250692
2016,6414.0,106506.7116771475,4889050.330351642,254230617.17828542,C03,"Madera, papel e impresión","Madera, papel e impresión",4,C,C03,6414000000000.0,60.22155692349868,25229.06198784872
2017,6404.0,102623.8804827674,4535326.631822188,235836984.8547538,C03,"Madera, papel e impresión","Madera, papel e impresión",4,C,C03,6404000000000.0,62.40262958167285,27154.349874105057
2018,6431.0,108095.30227062925,4795929.292733581,249388323.22214618,C03,"Madera, papel e impresión","Madera, papel e impresión",4,C,C03,6431000000000.0,59.493797278065216,25787.093464963455
2019,6389.0,103294.98800095984,4623295.3012811635,240411355.66662052,C03,"Madera, papel e impresión","Madera, papel e impresión",4,C,C03,6389000000000.0,61.85198453133691,26575.28377677656
2021,6192.000000000001,116040.64429988983,5254513.6571490485,273234710.17175055,C03,"Madera, papel e impresión","Madera, papel e impresión",4,C,C03,6192000000000.001,53.36061375183074,22661.835299431095
2022,6689.0,130955.67080942789,5713262.086358706,297089628.4906527,C03,"Madera, papel e impresión","Madera, papel e impresión",4,C,C03,6689000000000.0,51.07835314542514,22515.09093058244
2023,6740.0,122762.33193193043,5215999.860647696,271231992.7536802,C03,"Madera, papel e impresión","Madera, papel e impresión",4,C,C03,6740000000000.0,54.90283455789364,24849.57593524353
2024,6477.999999999999,129410.82286273656,5531634.507705239,287644994.4006724,C03,"Madera, papel e impresión","Madera, papel e impresión",4,C,C03,6477999999999.999,50.05763704069081,22520.816027052188
2025,6433.40447307494,137230.1954568444,5668308.712815095,294752053.0663849,C03,"Madera, papel e impresión","Madera, papel e impresión",4,C,C03,6433404473074.94,46.88038555696797,21826.495884071046
2010,30822.000000000004,258384.08798272558,12652307.631754443,657919996.8512311,C04,"Refinación, químicos y minerales","Refinación, químicos y minerales",5,C,C04,30822000000000.004,119.28753136710426,46847.641274793896
2011,32688.0,281209.6417815544,13706659.064083891,712746271.3323624,C04,"Refinación, químicos y minerales","Refinación, químicos y minerales",5,C,C04,32688000000000.0,116.24068005958439,45862.04279805651
2012,32768.0,267055.79614489776,13131933.309837632,682860532.111557,C04,"Refinación, químicos y minerales","Refinación, químicos y minerales",5,C,C04,32768000000000.0,122.70095041195401,47986.37270582038
2013,33774.0,287679.917933818,13993595.69242635,727666976.0061702,C04,"Refinación, químicos y minerales","Refinación, químicos y minerales",5,C,C04,33774000000000.0,117.40131269006358,46414.089293113146
2014,34786.0,271446.3745501732,13180899.787741568,685406788.9625616,C04,"Refinación, químicos y minerales","Refinación, químicos y minerales",5,C,C04,34786000000000.0,128.15054191696444,50752.34234643696
2015,35555.0,290190.58839600073,13909545.550072849,723296368.6037881,C04,"Refinación, químicos y minerales","Refinación, químicos y minerales",5,C,C04,35555000000000.0,122.52292604156008,49156.88996010506
2016,37081.0,294633.2284648388,14054528.83783866,730835499.5676105,C04,"Refinación, químicos y minerales","Refinación, químicos y minerales",5,C,C04,37081000000000.0,125.8547794938384,50737.81996350547
2017,37118.0,278703.90854433714,13282898.71532927,690710733.1971221,C04,"Refinación, químicos y minerales","Refinación, químicos y minerales",5,C,C04,37118000000000.0,133.180765902661,53738.84929830225
2018,37535.00000000001,270045.8776511607,12786497.805351172,664897885.8782609,C04,"Refinación, químicos y minerales","Refinación, químicos y minerales",5,C,C04,37535000000000.01,138.99490089045867,56452.27755600423
2019,37685.0,287738.39124657714,13801558.428751862,717681038.2950969,C04,"Refinación, químicos y minerales","Refinación, químicos y minerales",5,C,C04,37685000000000.0,130.9696625352502,52509.399007563916
2021,38222.0,245531.45232100043,11702854.215975765,608548419.2307397,C04,"Refinación, químicos y minerales","Refinación, químicos y minerales",5,C,C04,38222000000000.0,155.67048391840942,62808.47799804668
2022,40657.0,312668.0577516556,14944287.275202274,777102938.3105183,C04,"Refinación, químicos y minerales","Refinación, químicos y minerales",5,C,C04,40657000000000.0,130.03247051316268,52318.68005594143
2023,41065.0,327279.2905609686,15433855.072375767,802560463.7635398,C04,"Refinación, químicos y minerales","Refinación, químicos y minerales",5,C,C04,41065000000000.0,125.47387257413415,51167.484387941484
2024,39003.0,351285.1914166785,16434604.532456547,854599435.6877406,C04,"Refinación, químicos y minerales","Refinación, químicos y minerales",5,C,C04,39003000000000.0,111.02944545628858,45638.925526100145
2025,39627.18999617694,371813.8867307135,17017717.47848569,884921308.8812557,C04,"Refinación, químicos y minerales","Refinación, químicos y minerales",5,C,C04,39627189996176.94,106.57802575533432,44780.4675946552
2010,13136.0,291395.2544300308,14311066.21578324,744175443.2207285,C05,"Metalurgia, maquinaria y equipo","Metalurgia, maquinaria y equipo",6,C,C05,13136000000000.0,45.079663447828,17651.751505194126
2011,14287.0,310906.7063138941,15103913.671137223,785403510.8991356,C05,"Metalurgia, maquinaria y equipo","Metalurgia, maquinaria y equipo",6,C,C05,14287000000000.0,45.95269162697225,18190.649521854237
2012,14502.0,317852.0443695993,15491070.50555944,805535666.2890909,C05,"Metalurgia, maquinaria y equipo","Metalurgia, maquinaria y equipo",6,C,C05,14502000000000.0,45.62500149641017,18002.9272531249
2013,14298.0,316421.25856704806,15333590.032140195,797346681.6712902,C05,"Metalurgia, maquinaria y equipo","Metalurgia, maquinaria y equipo",6,C,C05,14298000000000.0,45.18659733783445,17931.974044251954
2014,14852.000000000002,313076.53369507147,15080073.335503072,784163813.4461597,C05,"Metalurgia, maquinaria y equipo","Metalurgia, maquinaria y equipo",6,C,C05,14852000000000.002,47.438879639779934,18939.92013573033
2015,15004.000000000002,302711.7093512448,14508833.5141562,754459342.7361224,C05,"Metalurgia, maquinaria y equipo","Metalurgia, maquinaria y equipo",6,C,C05,15004000000000.002,49.565310942730804,19887.08887292255
2016,15266.999999999998,308400.06727995013,14790084.207104465,769084378.7694322,C05,"Metalurgia, maquinaria y equipo","Metalurgia, maquinaria y equipo",6,C,C05,15266999999999.998,49.50388025091247,19850.877772901655
2017,13725.0,298731.58001528535,14281489.126909023,742637434.5992692,C05,"Metalurgia, maquinaria y equipo","Metalurgia, maquinaria y equipo",6,C,C05,13725000000000.0,45.94425537232363,18481.427626128327
2018,14032.0,276915.1871995013,13280849.292507568,690604163.2103935,C05,"Metalurgia, maquinaria y equipo","Metalurgia, maquinaria y equipo",6,C,C05,14032000000000.0,50.672554806070494,20318.441080299614
2019,14297.000000000002,297201.807154963,14298311.117909957,743512178.1313177,C05,"Metalurgia, maquinaria y equipo","Metalurgia, maquinaria y equipo",6,C,C05,14297000000000.002,48.10536024952719,19229.00581928988
2021,15196.0,209835.99568491615,9891320.47983161,514348664.95124376,C05,"Metalurgia, maquinaria y equipo","Metalurgia, maquinaria y equipo",6,C,C05,15196000000000.0,72.41846161998768,29544.161452116266
2022,17042.0,283488.98386700946,13349629.216579756,694180719.2621473,C05,"Metalurgia, maquinaria y equipo","Metalurgia, maquinaria y equipo",6,C,C05,17042000000000.0,60.1152107130722,24549.803137883373
2023,16224.0,296072.684790832,13921934.075722275,723940571.9375583,C05,"Metalurgia, maquinaria y equipo","Metalurgia, maquinaria y equipo",6,C,C05,16224000000000.0,54.797354951747245,22410.6793138807
2024,16059.0,295772.90140795766,13826573.43336214,718981818.5348312,C05,"Metalurgia, maquinaria y equipo","Metalurgia, maquinaria y equipo",6,C,C05,16059000000000.0,54.295034885058406,22335.752568438584
2025,15482.18207986086,317481.1689055135,14524346.749972913,755266030.9985914,C05,"Metalurgia, maquinaria y equipo","Metalurgia, maquinaria y equipo",6,C,C05,15482182079860.861,48.76567052223673,20498.978431998003
2010,4986.999999999999,235281.51263943865,10790344.033074446,561097889.7198712,C06,Muebles y otras manufactureras,Muebles y otras manufactureras,7,C,C06,4986999999999.999,21.19588549076704,8887.932197516846
2011,5134.0,253042.96173435147,11599641.831927203,603181375.2602146,C06,Muebles y otras manufactureras,Muebles y otras manufactureras,7,C,C06,5134000000000.0,20.28904485156064,8511.536016484552
2012,5259.0,261924.61914020166,11772005.199560259,612144270.3771335,C06,Muebles y otras manufactureras,Muebles y otras manufactureras,7,C,C06,5259000000000.0,20.078295874833323,8591.112021288713
2013,5279.0,236968.7890099138,10785707.621695284,560856796.3281548,C06,Muebles y otras manufactureras,Muebles y otras manufactureras,7,C,C06,5279000000000.0,22.277195330475138,9412.384827215825
2014,5435.0,262974.80815928854,12027901.095617149,625450856.9720918,C06,Muebles y otras manufactureras,Muebles y otras manufactureras,7,C,C06,5435000000000.0,20.667378894741596,8689.7314783638
2015,5611.0,343699.09424501495,15888523.766359976,826203235.8507187,C06,Muebles y otras manufactureras,Muebles y otras manufactureras,7,C,C06,5611000000000.0,16.3253266998721,6791.307219007086
2016,5558.0,314000.24454412813,14368617.641687306,747168117.3677399,C06,Muebles y otras manufactureras,Muebles y otras manufactureras,7,C,C06,5558000000000.0,17.70062315737752,7438.754238578509
2017,5429.0,294692.2484151823,13407086.336111614,697168489.477804,C06,Muebles y otras manufactureras,Muebles y otras manufactureras,7,C,C06,5429000000000.0,18.4226087696452,7787.213682113563
2018,5585.999999999999,307485.69979614846,13698440.201218711,712318890.463373,C06,Muebles y otras manufactureras,Muebles y otras manufactureras,7,C,C06,5585999999999.999,18.166698495908292,7841.993347061499
2019,5556.999999999999,303736.9184057218,13647472.54770724,709668572.4807764,C06,Muebles y otras manufactureras,Muebles y otras manufactureras,7,C,C06,5556999999999.999,18.295438134975548,7830.415796171568
2021,5856.999999999999,236400.23508642922,10729364.63296968,557926960.9144233,C06,Muebles y otras manufactureras,Muebles y otras manufactureras,7,C,C06,5856999999999.999,24.775779084393243,10497.78987271125
2022,6403.0,317078.5898433526,14426474.517828545,750176674.9270843,C06,Muebles y otras manufactureras,Muebles y otras manufactureras,7,C,C06,6403000000000.0,20.19373179110988,8535.322696646572
2023,6112.999999999999,324990.0145053886,14842103.117679015,771789362.1193087,C06,Muebles y otras manufactureras,Muebles y otras manufactureras,7,C,C06,6112999999999.999,18.809808693056446,7920.5548819873575
2024,5683.000000000001,318567.18956772273,14143062.046497185,735439226.4178536,C06,Muebles y otras manufactureras,Muebles y otras manufactureras,7,C,C06,5683000000000.001,17.83925082715362,7727.355022495221
2025,6039.120710309392,347164.8360637156,15326945.326942367,797001157.0010031,C06,Muebles y otras manufactureras,Muebles y otras manufactureras,7,C,C06,6039120710309.392,17.395542644189412,7577.304822283702
2010,14887.999999999998,55666.19000753505,2726496.08232576,141777796.28093952,D,"Electricidad, gas y vapor","Electricidad, gas y vapor",8,D+E,D,14887999999999.998,267.4513919128422,105009.39068412878
2011,15386.0,65792.69618799268,3263975.387052524,169726720.12673125,D,"Electricidad, gas y vapor","Electricidad, gas y vapor",8,D+E,D,15386000000000.0,233.85574526444137,90651.60741049853
2012,15748.0,61103.28711638906,3021566.1747907386,157121441.08911842,D,"Electricidad, gas y vapor","Electricidad, gas y vapor",8,D+E,D,15748000000000.0,257.727542055198,100228.20495305807
2013,16384.0,59212.32978179671,2895573.2867214433,150569810.90951505,D,"Electricidad, gas y vapor","Electricidad, gas y vapor",8,D+E,D,16384000000000.0,276.6991277049334,108813.3132467435
2014,17031.0,70176.61409230514,3423527.6058262433,178023435.50296465,D,"Electricidad, gas y vapor","Electricidad, gas y vapor",8,D+E,D,17031000000000.0,242.68768478340488,95667.17972767344
2015,16842.0,63582.97847983437,3068676.375097839,159571171.50508764,D,"Electricidad, gas y vapor","Electricidad, gas y vapor",8,D+E,D,16842000000000.0,264.8822122313996,105545.38041643081
2016,16990.0,58300.72012254863,2821208.6103519276,146702847.73830023,D,"Electricidad, gas y vapor","Electricidad, gas y vapor",8,D+E,D,16990000000000.0,291.4200710434943,115812.33944625303
2017,17519.0,62149.8916348516,2977375.989517659,154823551.45491827,D,"Electricidad, gas y vapor","Electricidad, gas y vapor",8,D+E,D,17519000000000.0,281.88303372963446,113154.61914785753
2018,18004.0,63895.12611408822,3066540.8111251155,159460122.17850602,D,"Electricidad, gas y vapor","Electricidad, gas y vapor",8,D+E,D,18004000000000.0,281.77423060176574,112905.97143683111
2019,18549.0,67834.76531786105,3236945.568826348,168321169.5789701,D,"Electricidad, gas y vapor","Electricidad, gas y vapor",8,D+E,D,18549000000000.0,273.4438589576134,110200.04225491964
2021,19492.0,74919.38612948761,3654232.7559932456,190020103.3116488,D,"Electricidad, gas y vapor","Electricidad, gas y vapor",8,D+E,D,19492000000000.0,260.1729806796711,102578.62015805506
2022,20362.0,76192.5122979482,3680845.7465205193,191403978.819067,D,"Electricidad, gas y vapor","Electricidad, gas y vapor",8,D+E,D,20362000000000.0,267.2441081923523,106382.32353178025
2023,20999.0,89591.61702234017,4261883.220308946,221617927.4560652,D,"Electricidad, gas y vapor","Electricidad, gas y vapor",8,D+E,D,20999000000000.0,234.3857684225499,94753.16478700921
2024,21520.000000000004,87777.9346449896,4135602.841822859,215051347.77478868,D,"Electricidad, gas y vapor","Electricidad, gas y vapor",8,D+E,D,21520000000000.004,245.164118830499,100069.1240611833
2025,21878.697007613657,83438.28043470441,3840085.978322292,199684470.8727592,D,"Electricidad, gas y vapor","Electricidad, gas y vapor",8,D+E,D,21878697007613.656,262.2141407232749,109566.34189924046
2010,7030.0,66153.23466992988,3190626.5162385744,165912578.84440586,E,"Agua, saneamiento y desechos","Agua, saneamiento y desechos",9,D+E,E,7030000000000.0,106.26842413792812,42371.71195194784
2011,7210.0,65747.27875279114,3104823.0273103123,161450797.42013624,E,"Agua, saneamiento y desechos","Agua, saneamiento y desechos",9,D+E,E,7210000000000.0,109.66233335845732,44657.56822022834
2012,7338.000000000001,65249.54063200943,3031532.0398869156,157639666.0741196,E,"Agua, saneamiento y desechos","Agua, saneamiento y desechos",9,D+E,E,7338000000000.001,112.46056185106998,46549.19781769769
2013,7563.000000000001,74466.6659977358,3526277.450010352,183366427.4005383,E,"Agua, saneamiento y desechos","Agua, saneamiento y desechos",9,D+E,E,7563000000000.001,101.5622211450954,41245.28195927429
2014,7744.0,73493.49975955406,3503091.4233107334,182160754.01215813,E,"Agua, saneamiento y desechos","Agua, saneamiento y desechos",9,D+E,E,7744000000000.0,105.36986298564847,42511.90132580992
2015,7757.000000000001,103591.75839165576,4658232.408503006,242228085.24215633,E,"Agua, saneamiento y desechos","Agua, saneamiento y desechos",9,D+E,E,7757000000000.001,74.88047428129013,32023.536792793035
2016,7607.0,94912.34761086444,4319647.884162776,224621689.97646436,E,"Agua, saneamiento y desechos","Agua, saneamiento y desechos",9,D+E,E,7607000000000.0,80.14763296329255,33865.830146665954
2017,7784.0,101843.37211482115,4637435.034204185,241146621.77861762,E,"Agua, saneamiento y desechos","Agua, saneamiento y desechos",9,D+E,E,7784000000000.0,76.43109058902816,32279.11692308934
2018,7944.0,101763.0972725117,4666510.956870236,242658569.7572523,E,"Agua, saneamiento y desechos","Agua, saneamiento y desechos",9,D+E,E,7944000000000.0,78.06366170957571,32737.356063488372
2019,8052.999999999999,113571.61773917107,5238906.841271565,272423155.7461214,E,"Agua, saneamiento y desechos","Agua, saneamiento y desechos",9,D+E,E,8052999999999.999,70.90680013464758,29560.62959458854
2021,7583.0,153018.4746404598,6931932.84150128,360460507.75806653,E,"Agua, saneamiento y desechos","Agua, saneamiento y desechos",9,D+E,E,7583000000000.0,49.55610763875024,21036.9786337025
2022,7959.0,213928.93586071333,9736974.383299192,506322667.931558,E,"Agua, saneamiento y desechos","Agua, saneamiento y desechos",9,D+E,E,7959000000000.0,37.20394330004059,15719.225118864035
2023,8216.0,211926.39401768416,9284595.915647287,482798987.6136589,E,"Agua, saneamiento y desechos","Agua, saneamiento y desechos",9,D+E,E,8216000000000.0,38.768177215880044,17017.4341926635
2024,8422.0,207801.98690802543,9049027.024210598,470549405.2589511,E,"Agua, saneamiento y desechos","Agua, saneamiento y desechos",9,D+E,E,8422000000000.0,40.52896762593341,17898.226851153355
2025,8391.880274814244,221198.8413751089,9569841.391392114,497631752.35238993,E,"Agua, saneamiento y desechos","Agua, saneamiento y desechos",9,D+E,E,8391880274814.244,37.93817464253032,16863.635077834962
2010,40328.0,958476.067441326,46878012.670967884,2437656658.89033,F01|F02|F03,Edificaciones; Obras civiles; Actividades especializadas de construcción,Edificaciones; Obras civiles; Actividades especializadas de construcción,10,F,F01; F02; F03,40328000000000.0,42.07512463786031,16543.75724034824
2011,42603.0,1046571.958169994,50710478.64091808,2636944889.32774,F01|F02|F03,Edificaciones; Obras civiles; Actividades especializadas de construcción,Edificaciones; Obras civiles; Actividades especializadas de construcción,10,F,F01; F02; F03,42603000000000.0,40.70718660807079,16156.196579011996
2012,45120.0,1120709.0043851647,54513627.060672894,2834708607.1549907,F01|F02|F03,Edificaciones; Obras civiles; Actividades especializadas de construcción,Edificaciones; Obras civiles; Actividades especializadas de construcción,10,F,F01; F02; F03,45120000000000.0,40.26022796591467,15916.979927359786
2013,50173.0,1084274.4521720686,52467359.12558999,2728302674.530679,F01|F02|F03,Edificaciones; Obras civiles; Actividades especializadas de construcción,Edificaciones; Obras civiles; Actividades especializadas de construcción,10,F,F01; F02; F03,50173000000000.0,46.27333965076013,18389.8217996032
2014,54603.0,1154224.2807554083,55561882.07121382,2889217867.703119,F01|F02|F03,Edificaciones; Obras civiles; Actividades especializadas de construcción,Edificaciones; Obras civiles; Actividades especializadas de construcción,10,F,F01; F02; F03,54603000000000.0,47.30709699181153,18898.886307735767
2015,58042.0,1364046.356883753,65771017.3915544,3420092904.360829,F01|F02|F03,Edificaciones; Obras civiles; Actividades especializadas de construcción,Edificaciones; Obras civiles; Actividades especializadas de construcción,10,F,F01; F02; F03,58042000000000.0,42.551339774551714,16970.884014873653
2016,60125.0,1359085.474834694,65336186.162323825,3397481680.440839,F01|F02|F03,Edificaciones; Obras civiles; Actividades especializadas de construcción,Edificaciones; Obras civiles; Actividades especializadas de construcción,10,F,F01; F02; F03,60125000000000.0,44.23930732341395,17696.931331855925
2017,58986.0,1311923.8465886782,62638177.90262649,3257185250.936578,F01|F02|F03,Edificaciones; Obras civiles; Actividades especializadas de construcción,Edificaciones; Obras civiles; Actividades especializadas de construcción,10,F,F01; F02; F03,58986000000000.0,44.96145119503543,18109.501135386465
2018,58251.0,1274469.324059486,60846848.30610473,3164036111.9174457,F01|F02|F03,Edificaciones; Obras civiles; Actividades especializadas de construcción,Edificaciones; Obras civiles; Actividades especializadas de construcción,10,F,F01; F02; F03,58251000000000.0,45.70608244571694,18410.346133723222
2019,55976.0,1381977.4641355702,65472892.66607547,3404590418.6359243,F01|F02|F03,Edificaciones; Obras civiles; Actividades especializadas de construcción,Edificaciones; Obras civiles; Actividades especializadas de construcción,10,F,F01; F02; F03,55976000000000.0,40.50427843627183,16441.331589726797
2021,41081.0,1324995.343044,61744073.412599675,3210691817.455183,F01|F02|F03,Edificaciones; Obras civiles; Actividades especializadas de construcción,Edificaciones; Obras civiles; Actividades especializadas de construcción,10,F,F01; F02; F03,41081000000000.0,31.004637273382325,12795.061729892559
2022,43799.0,1482333.8949038188,69340854.23448212,3605724420.1930704,F01|F02|F03,Edificaciones; Obras civiles; Actividades especializadas de construcción,Edificaciones; Obras civiles; Actividades especializadas de construcción,10,F,F01; F02; F03,43799000000000.0,29.547324088438184,12147.073624016657
2023,42458.0,1521429.757374135,70649943.31129748,3673797052.1874685,F01|F02|F03,Edificaciones; Obras civiles; Actividades especializadas de construcción,Edificaciones; Obras civiles; Actividades especializadas de construcción,10,F,F01; F02; F03,42458000000000.0,27.906644913583836,11556.980256903269
2024,42489.0,1488708.411691137,68679887.53693078,3571354151.9204006,F01|F02|F03,Edificaciones; Obras civiles; Actividades especializadas de construcción,Edificaciones; Obras civiles; Actividades especializadas de construcción,10,F,F01; F02; F03,42489000000000.0,28.54084766790128,11897.16790678759
2025,41488.036133654285,1580385.0690432242,72163792.31006402,3752517200.123329,F01|F02|F03,Edificaciones; Obras civiles; Actividades especializadas de construcción,Edificaciones; Obras civiles; Actividades especializadas de construcción,10,F,F01; F02; F03,41488036133654.28,26.251852758120158,11056.054888246947
2010,51171.0,3368192.9896937655,164585564.6613428,8558449362.389826,G,Comercio y reparación,Comercio y reparación,13,G+H+I,G,51171000000000.0,15.192419245742936,5979.003652796191
2011,55266.0,3492747.6876443913,168624457.03068078,8768471765.595402,G,Comercio y reparación,Comercio y reparación,13,G+H+I,G,55266000000000.0,15.823072532695015,6302.808685185667
2012,57437.00000000001,3514927.2031776956,168519278.356888,8763002474.558176,G,Comercio y reparación,Comercio y reparación,13,G+H+I,G,57437000000000.01,16.340878965593845,6554.488620396736
2013,60129.99999999999,3589614.189774026,169996662.50325826,8839826450.16943,G,Comercio y reparación,Comercio y reparación,13,G+H+I,G,60129999999999.99,16.75110382929072,6802.169741561782
2014,63124.00000000001,3534745.0707543725,166129749.15929013,8638746956.283087,G,Comercio y reparación,Comercio y reparación,13,G+H+I,G,63124000000000.01,17.85814782578601,7307.0782509828005
2015,64866.00000000001,3305405.7339524366,155904922.78835678,8107055984.994553,G,Comercio y reparación,Comercio y reparación,13,G+H+I,G,64866000000000.01,19.624217182692586,8001.178247696977
2016,67212.0,3327979.966920793,157122902.88744748,8170390950.14727,G,Comercio y reparación,Comercio y reparación,13,G+H+I,G,67212000000000.0,20.196035032683135,8226.289342835977
2017,68291.0,3302221.499092903,154548983.68422508,8036547151.579704,G,Comercio y reparación,Comercio y reparación,13,G+H+I,G,68291000000000.0,20.68032081396086,8497.554821983018
2018,70201.0,3347475.3947700993,157681131.46667272,8199418836.266982,G,Comercio y reparación,Comercio y reparación,13,G+H+I,G,70201000000000.0,20.971326662976512,8561.704360008154
2019,73036.0,3580631.17669571,168970412.54264712,8786461452.21765,G,Comercio y reparación,Comercio y reparación,13,G+H+I,G,73036000000000.0,20.397521106152944,8312.333741766563
2021,81200.0,3130347.295958381,145851941.2158479,7584300943.224091,G,Comercio y reparación,Comercio y reparación,13,G+H+I,G,81200000000000.0,25.939613826503543,10706.32621356423
2022,86702.0,3641524.378362894,171091814.51108447,8896774354.576393,G,Comercio y reparación,Comercio y reparación,13,G+H+I,G,86702000000000.0,23.809259802066265,9745.329772852061
2023,82301.99999999999,3722876.404271566,174536265.68061042,9075885815.391743,G,Comercio y reparación,Comercio y reparación,13,G+H+I,G,82301999999999.98,22.107099742975098,9068.20575688871
2024,82774.0,3727427.376529053,173721753.28882128,9033531171.018705,G,Comercio y reparación,Comercio y reparación,13,G+H+I,G,82774000000000.0,22.206737150994048,9162.97275483532
2025,89046.74245592864,3902758.9035457782,179586768.97197655,9338511986.542782,G,Comercio y reparación,Comercio y reparación,13,G+H+I,G,89046742455928.64,22.816357519555435,9535.431617397828
2010,32834.99999999999,1174613.4400519705,66821368.23903908,3474711148.430032,H,Transporte y almacenamiento,Transporte y almacenamiento,14,G+H+I,H,32834999999999.992,27.95387731860723,9449.70634892507
2011,35145.99999999999,1213880.9003936178,68736451.13532731,3574295459.0370197,H,Transporte y almacenamiento,Transporte y almacenamiento,14,G+H+I,H,35145999999999.992,28.953417084496024,9832.986780972204
2012,36429.00000000001,1275488.0466908107,71450035.04619513,3715401822.4021463,H,Transporte y almacenamiento,Transporte y almacenamiento,14,G+H+I,H,36429000000000.01,28.56083214147965,9804.861423157536
2013,37733.0,1286667.602079562,71290301.0136259,3707095652.7085466,H,Transporte y almacenamiento,Transporte y almacenamiento,14,G+H+I,H,37733000000000.0,29.326144482859807,10178.588181945297
2014,39277.99999999999,1313681.5163353337,72210590.9141808,3754950727.537401,H,Transporte y almacenamiento,Transporte y almacenamiento,14,G+H+I,H,39277999999999.99,29.899179908971018,10460.323676673002
2015,40703.0,1323724.6708847093,71878096.4692561,3737661016.4013176,H,Transporte y almacenamiento,Transporte y almacenamiento,14,G+H+I,H,40703000000000.0,30.74884142847939,10889.96562860843
2016,40789.0,1327315.9916502156,71828803.93811746,3735097804.7821074,H,Transporte y almacenamiento,Transporte y almacenamiento,14,G+H+I,H,40789000000000.0,30.73043665305965,10920.463701854653
2017,41621.0,1307136.1311430323,69922679.92916001,3635979356.3163204,H,Transporte y almacenamiento,Transporte y almacenamiento,14,G+H+I,H,41621000000000.0,31.841366027885933,11446.984683149309
2018,42646.99999999999,1309855.6571097171,69680793.60610268,3623401267.5173388,H,Transporte y almacenamiento,Transporte y almacenamiento,14,G+H+I,H,42646999999999.99,32.55854930924482,11769.880521463916
2019,44127.0,1419848.2835749527,75812012.75910714,3942224663.4735713,H,Transporte y almacenamiento,Transporte y almacenamiento,14,G+H+I,H,44127000000000.0,31.07867263739983,11193.425988340005
2021,40654.0,1279441.8822511912,63477995.914952815,3300855787.577546,H,Transporte y almacenamiento,Transporte y almacenamiento,14,G+H+I,H,40654000000000.0,31.774792246498034,12316.199984560799
2022,48072.0,1541715.589662393,78026072.29937291,4057355759.5673914,H,Transporte y almacenamiento,Transporte y almacenamiento,14,G+H+I,H,48072000000000.0,31.18084834993909,11848.110653507396
2023,48357.99999999999,1662206.7675834727,83922687.49056841,4363979749.509558,H,Transporte y almacenamiento,Transporte y almacenamiento,14,G+H+I,H,48357999999999.99,29.0926501702933,11081.169660660013
2024,48690.0,1652894.9552814662,82392591.13997413,4284414739.278655,H,Transporte y almacenamiento,Transporte y almacenamiento,14,G+H+I,H,48690000000000.0,29.457407347285862,11364.446012571996
2025,49775.56157649909,1792508.0377381232,88028234.6597681,4577468202.307941,H,Transporte y almacenamiento,Transporte y almacenamiento,14,G+H+I,H,49775561576499.086,27.768668551862337,10874.037650638937
2010,23796.0,863326.4591965569,40038891.22282215,2082022343.586752,I,Alojamiento y comida,Alojamiento y comida,15,G+H+I,I,23796000000000.0,27.56315382960164,11429.272156131638
2011,24756.0,914136.6225455772,42368050.39988361,2203138620.793948,I,Alojamiento y comida,Alojamiento y comida,15,G+H+I,I,24756000000000.0,27.081291121520195,11236.696486705247
2012,25686.0,1007364.3604454017,45490050.9632399,2365482650.0884748,I,Alojamiento y comida,Alojamiento y comida,15,G+H+I,I,25686000000000.0,25.49822190318809,10858.671907417829
2013,27318.000000000004,1085871.3508214953,48312320.63364804,2512240672.949698,I,Alojamiento y comida,Alojamiento y comida,15,G+H+I,I,27318000000000.004,25.15767634843031,10873.958173730669
2014,28679.0,1143580.465954698,50201926.06334931,2610500155.294164,I,Alojamiento y comida,Alojamiento y comida,15,G+H+I,I,28679000000000.0,25.07825278045288,10986.017350674438
2015,29860.0,1272254.789597796,54569673.698651865,2837623032.329897,I,Alojamiento y comida,Alojamiento y comida,15,G+H+I,I,29860000000000.0,23.470141550372773,10522.891751228402
2016,31065.0,1311593.7793163897,55749612.736965686,2898979862.322216,I,Alojamiento y comida,Alojamiento y comida,15,G+H+I,I,31065000000000.0,23.68492477616908,10715.838493308991
2017,31746.0,1255587.403223261,54332653.18280993,2825297965.5061164,I,Alojamiento y comida,Alojamiento y comida,15,G+H+I,I,31746000000000.0,25.283783445504284,11236.336976695875
2018,32589.0,1249165.667211511,54653669.060844555,2841990791.1639166,I,Alojamiento y comida,Alojamiento y comida,15,G+H+I,I,32589000000000.0,26.088613268364806,11466.961856921927
2019,33711.99999999999,1359924.6486790935,59136001.90360733,3075072098.9875813,I,Alojamiento y comida,Alojamiento y comida,15,G+H+I,I,33711999999999.992,24.78960877188655,10962.994985092913
2021,34499.0,1120390.0807817315,47391883.2415053,2464377928.5582757,I,Alojamiento y comida,Alojamiento y comida,15,G+H+I,I,34499000000000.0,30.79195415219042,13999.070353702933
2022,41050.0,1360637.649940014,58625372.38257941,3048519363.8941293,I,Alojamiento y comida,Alojamiento y comida,15,G+H+I,I,41050000000000.0,30.169678166563862,13465.55330636424
2023,39059.0,1527095.33622252,64971070.773041025,3378495680.1981335,I,Alojamiento y comida,Alojamiento y comida,15,G+H+I,I,39059000000000.0,25.577316015264508,11561.062584430882
2024,40444.0,1568946.9854121231,66110747.10594185,3437758849.508976,I,Alojamiento y comida,Alojamiento y comida,15,G+H+I,I,40444000000000.0,25.777798979852957,11764.64137552194
2025,40636.9681586291,1733839.7050460202,72853299.75740421,3788371587.385019,I,Alojamiento y comida,Alojamiento y comida,15,G+H+I,I,40636968158629.09,23.43755771676165,10726.764051854634
2010,18256.0,402662.02835911995,19963985.38842923,1038127240.19832,J,Información y comunicaciones,Información y comunicaciones,16,J,J,18256000000000.0,45.338270594807916,17585.51292470896
2011,20153.0,409538.14216138923,20201060.130789153,1050455126.801036,J,Información y comunicaciones,Información y comunicaciones,16,J,J,20153000000000.0,49.209091718881176,19185.017508907953
2012,20415.0,380792.1458251577,18426191.938359287,958161980.7946827,J,Información y comunicaciones,Información y comunicaciones,16,J,J,20415000000000.0,53.611925098301874,21306.418339692584
2013,22218.0,370259.3680682825,17972570.112041894,934573645.8261787,J,Información y comunicaciones,Información y comunicaciones,16,J,J,22218000000000.0,60.00658434630775,23773.40737054373
2014,23653.999999999996,370552.27032954025,17288507.93265875,899002412.4982551,J,Información y comunicaciones,Información y comunicaciones,16,J,J,23653999999999.996,63.83444899410271,26311.38656710324
2015,23961.0,338200.07860969775,16028108.197929539,833461626.2923361,J,Información y comunicaciones,Información y comunicaciones,16,J,J,23961000000000.0,70.8485938220386,28748.774081646436
2016,23804.0,289345.52941320656,13498997.077806404,701947848.045933,J,Información y comunicaciones,Información y comunicaciones,16,J,J,23804000000000.0,82.26842159363778,33911.35120118261
2017,23758.0,291393.4158963241,13427030.994078625,698205611.6920885,J,Información y comunicaciones,Información y comunicaciones,16,J,J,23758000000000.0,81.53238441205185,34027.225794451755
2018,24595.0,285920.42743049224,13215711.987138022,687217023.3311771,J,Información y comunicaciones,Información y comunicaciones,16,J,J,24595000000000.0,86.02043659849762,35789.27640758895
2019,24821.0,287226.7805251041,13383189.049760565,695925830.5875494,J,Información y comunicaciones,Información y comunicaciones,16,J,J,24821000000000.0,86.41603667534966,35666.157094707014
2021,27210.0,310193.32753567735,14505635.841439752,754293063.7548671,J,Información y comunicaciones,Información y comunicaciones,16,J,J,27210000000000.0,87.71948841120833,36073.512149970935
2022,30564.0,359790.87452721596,16840956.424313862,875729734.0643209,J,Información y comunicaciones,Información y comunicaciones,16,J,J,30564000000000.0,84.94934742345174,34901.1787668216
2023,31034.000000000004,382663.4118305091,17755654.94556381,923294057.1693182,J,Información y comunicaciones,Información y comunicaciones,16,J,J,31034000000000.004,81.09999294561696,33612.26010177691
2024,30969.0,388326.4723371959,17449579.45642205,907378131.7339467,J,Información y comunicaciones,Información y comunicaciones,16,J,J,30969000000000.0,79.74990685957836,34130.20318312063
2025,31286.88267426024,398052.6886598733,17674330.998138268,919065211.90319,J,Información y comunicaciones,Información y comunicaciones,16,J,J,31286882674260.24,78.59985264662826,34042.07043096725
2010,22312.0,220834.9530420208,9983967.82182133,519166326.73470926,K,Financieras y seguros,Financieras y seguros,17,K,K,22312000000000.0,101.03473065585972,42976.59314757772
2011,24754.0,215059.7265371115,9698753.50135436,504335182.0704267,K,Financieras y seguros,Financieras y seguros,17,K,K,24754000000000.0,115.10290838079513,49082.437394865876
2012,26626.0,233934.47688171628,10613882.52972589,551921891.5457463,K,Financieras y seguros,Financieras y seguros,17,K,K,26626000000000.0,113.8181953977773,48242.3335762776
2013,29160.000000000004,257989.93427983735,11617209.42813478,604094890.2630086,K,Financieras y seguros,Financieras y seguros,17,K,K,29160000000000.004,113.02766552268137,48270.56224114796
2014,32139.0,254497.70455383335,11408103.738878587,593221394.4216865,K,Financieras y seguros,Financieras y seguros,17,K,K,32139000000000.0,126.28404667281275,54177.07503845395
2015,34696.0,272999.8248966723,12334662.780965958,641402464.6102298,K,Financieras y seguros,Financieras y seguros,17,K,K,34696000000000.0,127.09165660868864,54093.961146663525
2016,35726.0,280941.92670837964,12725111.401045987,661705792.8543913,K,Financieras y seguros,Financieras y seguros,17,K,K,35726000000000.0,127.16507079800846,53990.76203623552
2017,37651.0,257062.3277797193,11585918.114961378,602467741.9779917,K,Financieras y seguros,Financieras y seguros,17,K,K,37651000000000.0,146.46642440841714,62494.63228750827
2018,39057.0,250553.43958245736,11325582.439573867,588930286.857841,K,Financieras y seguros,Financieras y seguros,17,K,K,39057000000000.0,155.88291290308274,66318.54545702414
2019,41505.00000000001,282806.7849171858,12870607.097923677,669271569.0920312,K,Financieras y seguros,Financieras y seguros,17,K,K,41505000000000.01,146.760976799598,62015.184742283105
2021,44003.0,306701.05251112086,14141201.743500078,735342490.662004,K,Financieras y seguros,Financieras y seguros,17,K,K,44003000000000.0,143.47195629008957,59840.14327852262
2022,46940.00000000001,398280.92024183273,18386746.33476671,956110809.4078687,K,Financieras y seguros,Financieras y seguros,17,K,K,46940000000000.01,117.85651185976583,49094.72786848894
2023,51135.0,398854.5324834046,18440259.14222241,958893475.3955653,K,Financieras y seguros,Financieras y seguros,17,K,K,51135000000000.0,128.20463561393177,53327.09139449056
2024,51684.00000000001,398161.45383580204,17941443.82122553,932955078.7037275,K,Financieras y seguros,Financieras y seguros,17,K,K,51684000000000.01,129.8066387443773,55398.16565639058
2025,53112.34172668485,426553.9778314568,18849604.10033033,980179413.2171772,K,Financieras y seguros,Financieras y seguros,17,K,K,53112341726684.85,124.5149371169878,54186.34691822161
2010,59932.0,214047.2855106472,10940366.729916891,568899069.9556783,L,Inmobiliarias,Inmobiliarias,18,L,L,59932000000000.0,279.99420715390875,105347.33341130118
2011,61628.0,233150.699929674,12211214.165570995,634983136.6096917,L,Inmobiliarias,Inmobiliarias,18,L,L,61628000000000.0,264.32689251453695,97054.54593494377
2012,63579.0,266075.0932555178,13712819.955932118,713066637.7084701,L,Inmobiliarias,Inmobiliarias,18,L,L,63579000000000.0,238.95133972176677,89162.77475036438
2013,65625.0,286498.7777829726,14785887.349057373,768866142.1509833,L,Inmobiliarias,Inmobiliarias,18,L,L,65625000000000.0,229.05856879330906,85352.95860005905
2014,67664.00000000001,318304.4186937912,16138780.187441135,839216569.7469391,L,Inmobiliarias,Inmobiliarias,18,L,L,67664000000000.016,212.57637665750653,80627.57867186025
2015,69825.0,225334.55674141136,11519366.147391748,599007039.6643709,L,Inmobiliarias,Inmobiliarias,18,L,L,69825000000000.0,309.8725779558505,116567.9121886841
2016,72289.0,225742.42549660112,11553347.741371566,600774082.5513215,L,Inmobiliarias,Inmobiliarias,18,L,L,72289000000000.0,320.22779874440755,120326.42901805716
2017,74495.0,240339.78011003227,12222099.559089214,635549177.0726391,L,Inmobiliarias,Inmobiliarias,18,L,L,74495000000000.0,309.9570115521231,117213.58895172593
2018,77449.0,249543.04435480476,12518348.648888705,650954129.7422127,L,Inmobiliarias,Inmobiliarias,18,L,L,77449000000000.0,310.3632890279307,118977.66134561729
2019,79963.99999999999,253032.18750207868,12509076.985952308,650472003.26952,L,Inmobiliarias,Inmobiliarias,18,L,L,79963999999999.98,316.0230356042868,122932.27010243402
2021,83143.0,149585.37086647484,6934301.836973206,360583695.52260673,L,Inmobiliarias,Inmobiliarias,18,L,L,83143000000000.0,555.8230695849019,230578.92254251236
2022,84843.0,207145.74356635413,9885294.350800514,514035306.24162674,L,Inmobiliarias,Inmobiliarias,18,L,L,84843000000000.0,409.5811892597378,165052.86498768008
2023,86413.0,261865.00296722958,12444647.473432647,647121668.6184976,L,Inmobiliarias,Inmobiliarias,18,L,L,86413000000000.0,329.99064029496884,133534.394211336
2024,88322.0,294037.99961779255,13817886.573843107,718530101.8398416,L,Inmobiliarias,Inmobiliarias,18,L,L,88322000000000.0,300.3761422496616,122920.38952000195
2025,90073.80494244305,316513.85220982396,14490046.618616177,753482424.1680412,L,Inmobiliarias,Inmobiliarias,18,L,L,90073804942443.05,284.58092533255433,119543.33910561772
2010,45354.0,801478.4706320957,33596458.1446976,1747015823.5242753,M+N,Profesionales y administrativas,Profesionales y administrativas,19,M+N,M+N,45354000000000.0,56.58792052671237,25960.840989125587
2011,48568.0,855901.2861574556,35328704.287897855,1837092622.9706888,M+N,Profesionales y administrativas,Profesionales y administrativas,19,M+N,M+N,48568000000000.0,56.74486156931093,26437.425850343156
2012,50907.0,879582.8994065444,36487768.56607245,1897363965.4357677,M+N,Profesionales y administrativas,Profesionales y administrativas,19,M+N,M+N,50907000000000.0,57.87629572419725,26830.38200754919
2013,53593.0,929484.6477605478,38727244.8884556,2013816734.1996913,M+N,Profesionales y administrativas,Profesionales y administrativas,19,M+N,M+N,53593000000000.0,57.658832912543744,26612.65004399635
2014,57500.0,937115.097220604,38590636.73282425,2006713110.1068606,M+N,Profesionales y administrativas,Profesionales y administrativas,19,M+N,M+N,57500000000000.0,61.358524871213405,28653.82186940416
2015,57392.0,999714.0772931718,41001090.27765888,2132056694.4382615,M+N,Profesionales y administrativas,Profesionales y administrativas,19,M+N,M+N,57392000000000.0,57.40841436923117,26918.60875450182
2016,55995.0,1030584.5040919137,42168070.19193524,2192739649.980633,M+N,Profesionales y administrativas,Profesionales y administrativas,19,M+N,M+N,55995000000000.0,54.33324465647703,25536.54739653865
2017,56810.00000000001,1048883.1213053167,42894137.85343413,2230495168.378575,M+N,Profesionales y administrativas,Profesionales y administrativas,19,M+N,M+N,56810000000000.01,54.162374096840225,25469.680815895776
2018,59066.0,1062217.686240592,43434070.1601997,2258571648.3303843,M+N,Profesionales y administrativas,Profesionales y administrativas,19,M+N,M+N,59066000000000.0,55.606304399851204,26151.926614178334
2019,61102.000000000015,1128460.979981186,45930961.6220513,2388410004.3466673,M+N,Profesionales y administrativas,Profesionales y administrativas,19,M+N,M+N,61102000000000.016,54.14631173247897,25582.70978969293
2021,63167.0,1331692.378273725,57869408.27747129,3009209230.428507,M+N,Profesionales y administrativas,Profesionales y administrativas,19,M+N,M+N,63167000000000.0,47.433627338082,20991.22897845329
2022,68132.0,1531038.1445717018,64364845.41707953,3346971961.6881356,M+N,Profesionales y administrativas,Profesionales y administrativas,19,M+N,M+N,68132000000000.0,44.50052419762506,20356.31035451991
2023,69437.0,1622162.2061927763,66689018.36140429,3467828954.793023,M+N,Profesionales y administrativas,Profesionales y administrativas,19,M+N,M+N,69437000000000.0,42.805213766488265,20023.19056250695
2024,69146.00000000001,1597153.6050627423,64826055.74789203,3370954898.8903856,M+N,Profesionales y administrativas,Profesionales y administrativas,19,M+N,M+N,69146000000000.016,43.29326858782859,20512.288676054595
2025,70057.86743184963,1650883.9489426003,65341818.205333576,3397774546.677346,M+N,Profesionales y administrativas,Profesionales y administrativas,19,M+N,M+N,70057867431849.63,42.43657918942277,20618.751029363793
2010,31284.0,498847.21863817185,25407982.810015645,1321215106.1208136,O,Administración pública,Administración pública,20,O+P+Q,O,31284000000000.0,62.71258780474665,23678.203386466088
2011,34831.0,497581.88134934293,25067567.78520854,1303513524.830844,O,Administración pública,Administración pública,20,O+P+Q,O,34831000000000.0,70.00053921888245,26720.858154900998
2012,37542.99999999999,511574.0320144258,25909181.91368236,1347277459.5114827,O,Administración pública,Administración pública,20,O+P+Q,O,37542999999999.99,73.38722775307197,27865.8265489077
2013,39212.0,528713.4709037251,26538079.81010831,1379980150.1256323,O,Administración pública,Administración pública,20,O+P+Q,O,39212000000000.0,74.16493461567242,28414.901472626378
2014,43522.0,602689.4970201171,29956477.011112463,1557736804.577848,O,Administración pública,Administración pública,20,O+P+Q,O,43522000000000.0,72.21297237663208,27939.251272807032
2015,45796.999999999985,564714.8573628546,27979457.82700313,1454931807.0041628,O,Administración pública,Administración pública,20,O+P+Q,O,45796999999999.984,81.09756526305337,31477.076643406526
2016,47413.0,587208.1301116268,28798447.17804452,1497519253.258315,O,Administración pública,Administración pública,20,O+P+Q,O,47413000000000.0,80.74309187610687,31661.028662461864
2017,49286.00000000001,547378.1720210747,27086864.47353098,1408516952.623611,O,Administración pública,Administración pública,20,O+P+Q,O,49286000000000.01,90.0401267701673,34991.414131151316
2018,52156.99999999999,596458.5618948449,29192207.838468395,1517994807.6003566,O,Administración pública,Administración pública,20,O+P+Q,O,52156999999999.99,87.44446526898079,34359.14256021052
2019,54352.0,617315.8379195145,29868741.95333927,1553174581.573642,O,Administración pública,Administración pública,20,O+P+Q,O,54352000000000.0,88.0456917858738,34994.134365070386
2021,56352.0,590209.4141377328,28629623.33811564,1488740413.5820134,O,Administración pública,Administración pública,20,O+P+Q,O,56352000000000.0,95.47797552895277,37852.13290771972
2022,56962.0,706399.2766273022,34315920.757324696,1784427879.3808842,O,Administración pública,Administración pública,20,O+P+Q,O,56962000000000.0,80.63711541716835,31921.71600668066
2023,59065.99999999999,732266.8495087179,34620547.425709076,1800268466.136872,O,Administración pública,Administración pública,20,O+P+Q,O,59065999999999.99,80.66185167282626,32809.550970332486
2024,60719.000000000015,723042.9500887416,34061382.03631806,1771191865.8885388,O,Administración pública,Administración pública,20,O+P+Q,O,60719000000000.016,83.97703067645948,34281.43566453182
2025,62723.72487733989,812268.4920920301,37513216.41112062,1950687253.3782725,O,Administración pública,Administración pública,20,O+P+Q,O,62723724877339.89,77.22043325328602,32154.68023831735
2010,31079.0,747372.9246987799,27984825.812412858,1455210942.2454686,P,Educación,Educación,21,O+P+Q,P,31079000000000.0,41.58432687741001,21357.041166858897
2011,31864.0,777404.0868983816,28546136.879649512,1484399117.7417746,P,Educación,Educación,21,O+P+Q,P,31864000000000.0,40.9876929347364,21465.924911404487
2012,33081.0,782854.198142224,28693967.703391068,1492086320.5763354,P,Educación,Educación,21,O+P+Q,P,33081000000000.0,42.25691077406735,22170.969295678606
2013,34420.0,814125.5958073972,30030437.812363736,1561582766.2429142,P,Educación,Educación,21,O+P+Q,P,34420000000000.0,42.278488942316656,22041.739153418494
2014,35131.0,795898.5645901476,29789257.49165054,1549041389.565828,P,Educación,Educación,21,O+P+Q,P,35131000000000.0,44.14004693938719,22679.187423033716
2015,36860.0,836379.8037375826,31534430.93179702,1639790408.453445,P,Educación,Educación,21,O+P+Q,P,36860000000000.0,44.07088721569007,22478.48249994596
2016,38467.99999999999,862345.5681329358,32158559.52646361,1672245095.3761077,P,Educación,Educación,21,O+P+Q,P,38467999999999.99,44.60856693829488,23003.804948429573
2017,39046.0,824489.8738603218,31064996.541266244,1615379820.1458447,P,Educación,Educación,21,O+P+Q,P,39046000000000.0,47.357767800329405,24171.40508569355
2018,40259.0,813289.2132407287,30842379.47298925,1603803732.595441,P,Educación,Educación,21,O+P+Q,P,40259000000000.0,49.501455748538966,25102.198717824856
2019,42231.0,901671.6987792786,34441679.60514305,1790967339.4674385,P,Educación,Educación,21,O+P+Q,P,42231000000000.0,46.83633750196898,23579.994492003298
2021,46569.00000000001,730032.4443586989,30385275.401061904,1580034320.855219,P,Educación,Educación,21,O+P+Q,P,46569000000000.01,63.79031556728798,29473.41040971426
2022,47457.0,907183.7908083597,36718647.11077523,1909369649.760312,P,Educación,Educación,21,O+P+Q,P,47457000000000.0,52.31244261729228,24854.799596273773
2023,48731.0,934950.2887033436,37483688.60345046,1949151807.379424,P,Educación,Educación,21,O+P+Q,P,48731000000000.0,52.12148772913227,25001.131166646974
2024,49607.00000000001,938125.8906859118,37347656.88385957,1942078157.9606974,P,Educación,Educación,21,O+P+Q,P,49607000000000.01,52.87883054131444,25543.256226150257
2025,52722.12580203288,1007559.2241345607,39357055.26597307,2046566873.8305995,P,Educación,Educación,21,O+P+Q,P,52722125802032.88,52.32657747470712,25761.252405767635
2010,23573.0,710052.6035476815,31263112.033173285,1625681825.7250109,Q,Salud y servicios sociales,Salud y servicios sociales,22,O+P+Q,Q,23573000000000.0,33.198948757064905,14500.377396719108
2011,23797.0,744047.725292979,32352666.317573875,1682338648.5138416,Q,Salud y servicios sociales,Salud y servicios sociales,22,O+P+Q,Q,23797000000000.0,31.983163433003714,14145.190102493332
2012,24817.000000000004,757339.7728895239,33526712.521565564,1743389051.1214094,Q,Salud y servicios sociales,Salud y servicios sociales,22,O+P+Q,Q,24817000000000.004,32.7686474266553,14234.917893993215
2013,27055.0,794750.110188172,35282928.774832144,1834712296.2912717,Q,Salud y servicios sociales,Salud y servicios sociales,22,O+P+Q,Q,27055000000000.0,34.04214690023034,14746.18121581764
2014,27757.999999999996,857096.2773747294,38266647.372518584,1989865663.3709664,Q,Salud y servicios sociales,Salud y servicios sociales,22,O+P+Q,Q,27757999999999.996,32.3860932928355,13949.685403875996
2015,29419.999999999996,787664.7958798549,35623177.13843542,1852405211.198642,Q,Salud y servicios sociales,Salud y servicios sociales,22,O+P+Q,Q,29419999999999.996,37.35091393431721,15882.05421909988
2016,30317.0,803685.6512129904,36006075.017419085,1872315900.9057927,Q,Salud y servicios sociales,Salud y servicios sociales,22,O+P+Q,Q,30317000000000.0,37.722460210958126,16192.246183100395
2017,31891.0,810946.955556061,36243019.08922777,1884636992.6398442,Q,Salud y servicios sociales,Salud y servicios sociales,22,O+P+Q,Q,31891000000000.0,39.32563009393451,16921.561088180548
2018,33503.0,811687.3496187353,36530025.22493121,1899561311.6964228,Q,Salud y servicios sociales,Salud y servicios sociales,22,O+P+Q,Q,33503000000000.0,41.27574492289055,17637.23012977128
2019,35748.0,859567.1094135129,38614290.350749396,2007943098.2389684,Q,Salud y servicios sociales,Salud y servicios sociales,22,O+P+Q,Q,35748000000000.0,41.588375833029545,17803.293345987822
2021,41054.0,800321.411668265,37057176.06732656,1926973155.500981,Q,Salud y servicios sociales,Salud y servicios sociales,22,O+P+Q,Q,41054000000000.0,51.296890725968694,21304.915370928786
2022,41167.0,923756.4852473736,42731848.6193707,2222056128.2072763,Q,Salud y servicios sociales,Salud y servicios sociales,22,O+P+Q,Q,41167000000000.0,44.564775086776095,18526.534715940303
2023,44934.00000000001,976356.9664621131,44798550.36026744,2329524618.7339067,Q,Salud y servicios sociales,Salud y servicios sociales,22,O+P+Q,Q,44934000000000.01,46.02210210351753,19288.913986417356
2024,48605.00000000001,988794.8918173425,44509902.104458556,2314514909.4318447,Q,Salud y servicios sociales,Salud y servicios sociales,22,O+P+Q,Q,48605000000000.01,49.15579601212046,21000.08075209648
2025,49788.63414168853,1013370.5095546737,45045432.24680933,2342362476.8340855,Q,Salud y servicios sociales,Salud y servicios sociales,22,O+P+Q,Q,49788634141688.53,49.13171803624735,21255.734171844473
2010,10994.0,796525.0974504132,31233425.961156026,1624138149.9801133,R+S,"Artes, entretenimiento y otros servicios","Artes, entretenimiento y otros servicios",23,R+S+T,R+S,10994000000000.0,13.80245272269581,6769.128599149411
2011,11773.0,792121.6547757976,31364258.949448463,1630941465.37132,R+S,"Artes, entretenimiento y otros servicios","Artes, entretenimiento y otros servicios",23,R+S+T,R+S,11773000000000.0,14.86261602497439,7218.530063750397
2012,12139.0,803339.1720981582,31229601.847207747,1623939296.054803,R+S,"Artes, entretenimiento y otros servicios","Artes, entretenimiento y otros servicios",23,R+S+T,R+S,12139000000000.0,15.110678554732251,7475.033105911335
2013,13051.0,860910.7149077527,33239010.686579727,1728428555.702146,R+S,"Artes, entretenimiento y otros servicios","Artes, entretenimiento y otros servicios",23,R+S+T,R+S,13051000000000.0,15.15952789761529,7550.78939013377
2014,13368.0,871996.0569233513,34262432.35198293,1781646482.3031123,R+S,"Artes, entretenimiento y otros servicios","Artes, entretenimiento y otros servicios",23,R+S+T,R+S,13368000000000.0,15.330344551288553,7503.1720000475925
2015,13991.0,1058172.3752015494,41255247.079860404,2145272848.152741,R+S,"Artes, entretenimiento y otros servicios","Artes, entretenimiento y otros servicios",23,R+S+T,R+S,13991000000000.0,13.221853384081346,6521.781139423556
2016,14842.999999999998,1079975.0715039466,42167036.23877854,2192685884.4164844,R+S,"Artes, entretenimiento y otros servicios","Artes, entretenimiento y otros servicios",23,R+S+T,R+S,14842999999999.998,13.743835752921596,6769.323461007277
2017,15150.0,1090443.7010376868,43029143.10618445,2237515441.521591,R+S,"Artes, entretenimiento y otros servicios","Artes, entretenimiento y otros servicios",23,R+S+T,R+S,15150000000000.0,13.893427038537592,6770.902993052621
2018,15476.0,1137285.867535175,44874196.06573681,2333458195.418314,R+S,"Artes, entretenimiento y otros servicios","Artes, entretenimiento y otros servicios",23,R+S+T,R+S,15476000000000.0,13.607836377621517,6632.216523264369
2019,18057.0,1187013.697714601,47568829.79355449,2473579149.2648335,R+S,"Artes, entretenimiento y otros servicios","Artes, entretenimiento y otros servicios",23,R+S+T,R+S,18057000000000.0,15.212124371240007,7299.948338166853
2021,23575.999999999996,917403.6113505107,36506574.27653839,1898341862.379996,R+S,"Artes, entretenimiento y otros servicios","Artes, entretenimiento y otros servicios",23,R+S+T,R+S,23575999999999.996,25.698612593527667,12419.259390109117
2022,29915.0,1120444.4086594582,45073401.168597616,2343816860.767076,R+S,"Artes, entretenimiento y otros servicios","Artes, entretenimiento y otros servicios",23,R+S+T,R+S,29915000000000.0,26.6992273501471,12763.36922937295
2023,33520.0,1192273.8856785547,47428927.34815307,2466304222.10396,R+S,"Artes, entretenimiento y otros servicios","Artes, entretenimiento y otros servicios",23,R+S+T,R+S,33520000000000.0,28.11434553976067,13591.186237115828
2024,36403.0,1207229.3353039287,48115640.9701596,2502013330.448299,R+S,"Artes, entretenimiento y otros servicios","Artes, entretenimiento y otros servicios",23,R+S+T,R+S,36403000000000.0,30.154171154924164,14549.4828332819
2025,40570.91580353411,1235100.1965294841,48881124.45547861,2541818471.6848874,R+S,"Artes, entretenimiento y otros servicios","Artes, entretenimiento y otros servicios",23,R+S+T,R+S,40570915803534.11,32.84827896354853,15961.374211212255
2010,4276.0,672332.560084494,30859518.087324865,1604694940.540893,T,Hogares como empleadores,Hogares como empleadores,24,R+S+T,T,4276000000000.0,6.359947820261186,2664.6809259326837
2011,4423.000000000001,673838.8305464907,30656524.202031493,1594139258.5056376,T,Hogares como empleadores,Hogares como empleadores,24,R+S+T,T,4423000000000.001,6.563884121093021,2774.5380313550313
2012,4545.0,694543.8378288554,31011224.59930014,1612583679.1636071,T,Hogares como empleadores,Hogares como empleadores,24,R+S+T,T,4545000000000.0,6.543863399908166,2818.458389928229
2013,4668.0,665319.7496871307,28706201.455479052,1492722475.6849108,T,Hogares como empleadores,Hogares como empleadores,24,R+S+T,T,4668000000000.0,7.016175308481593,3127.1720470733626
2014,4844.0,667758.3570394486,28745559.063397292,1494769071.2966592,T,Hogares como empleadores,Hogares como empleadores,24,R+S+T,T,4844000000000.0,7.254121118717553,3240.63435149752
2015,4991.0,721864.1352709787,30312229.996268623,1576235959.8059683,T,Hogares como empleadores,Hogares como empleadores,24,R+S+T,T,4991000000000.0,6.914043455180719,3166.4040963856596
2016,5191.0,636905.0396277457,26833427.355182383,1395338222.4694839,T,Hogares como empleadores,Hogares como empleadores,24,R+S+T,T,5191000000000.0,8.15035158621763,3720.2449674265463
2017,5306.0,621886.9471235409,26180245.310503636,1361372756.146189,T,Hogares como empleadores,Hogares como empleadores,24,R+S+T,T,5306000000000.0,8.53209739252806,3897.5364947219664
2018,5449.0,612092.5807872534,25762091.27059535,1339628746.0709581,T,Hogares como empleadores,Hogares como empleadores,24,R+S+T,T,5449000000000.0,8.90224807657638,4067.544844779984
2019,5608.0,674776.2515007491,27581090.41968606,1434216701.8236752,T,Hogares como empleadores,Hogares como empleadores,24,R+S+T,T,5608000000000.0,8.31090304012244,3910.148301068562
2021,4542.0,495820.52917267877,20527942.711577278,1067453021.0020185,T,Hogares como empleadores,Hogares como empleadores,24,R+S+T,T,4542000000000.0,9.160572692661066,4254.988192113994
2022,6090.0,658607.990417401,27194752.05448866,1414127106.8334103,T,Hogares como empleadores,Hogares como empleadores,24,R+S+T,T,6090000000000.0,9.246775150936733,4306.5435706391745
2023,6238.000000000002,668243.1400616989,27422795.00917329,1425985340.477011,T,Hogares como empleadores,Hogares como empleadores,24,R+S+T,T,6238000000000.002,9.334925607203461,4374.519024096916
2024,6616.0,700543.4605649099,28513557.672845487,1482704998.9879653,T,Hogares como empleadores,Hogares como empleadores,24,R+S+T,T,6616000000000.0,9.444096437164566,4462.114853943175
2025,6724.33785508047,715904.3419566725,29001000.43591156,1508052022.667401,T,Hogares como empleadores,Hogares como empleadores,24,R+S+T,T,6724337855080.47,9.392788199470699,4458.956159341668
