anio,depto,departamento,pib_miles_millones_2015,ocupados,horas_sem_expandidas,horas_anuales,pib_pesos_2015,pib_por_trabajador_millones_2015,pib_por_hora_pesos_2015,horas_semanales_por_trabajador
2010,5,Antioquia,88492.49504848177,2216839.4908533823,104170433.12936671,5416862522.727069,88492495048481.77,39.91831407442862,16336.485313629677,46.99051670595504
2011,5,Antioquia,95753.27358456491,2245733.208314709,105190727.22930008,5469917815.923604,95753273584564.92,42.63786688019907,17505.43185599889,46.840259938196105
2012,5,Antioquia,99628.81171930865,2318398.850361033,108796797.46772818,5657433468.321865,99628811719308.66,42.97311125037608,17610.248936583786,46.92755840988524
2013,5,Antioquia,104011.82362270335,2372681.6741701514,108954645.10928816,5665641545.682984,104011823622703.34,43.83724321514037,18358.3487914015,45.920464719480414
2014,5,Antioquia,111128.94804581454,2310905.774353146,107280822.70321946,5578602780.567411,111128948045814.55,48.0889135676339,19920.57015296425,46.42371138358024
2015,5,Antioquia,115446.2569833156,2323629.1324160295,108268782.57177019,5629976693.73205,115446256983315.6,49.683598545383425,20505.63674834461,46.59469149416114
2016,5,Antioquia,119046.3841149867,2282716.292283985,106854257.36325385,5556421382.8892,119046384114986.69,52.15119571248784,21425.010076015067,46.810134804943374
2017,5,Antioquia,120973.26658047568,2241280.3112188047,103588615.55934516,5386608009.085948,120973266580475.69,53.9750721830464,22458.152955704605,46.21850066715387
2018,5,Antioquia,125172.9567513896,2236932.926586854,102930577.9082719,5352390051.230139,125172956751389.61,55.957402773976064,23386.36675453448,46.014154776345904
2019,5,Antioquia,129671.98068228063,2393451.1005892884,109645550.10359995,5701568605.3871975,129671980682280.62,54.17782742682909,22743.211501438123,45.810649767026476
2021,5,Antioquia,137020.32961372682,2211451.4605565486,100614504.86358164,5231954252.906245,137020329613726.81,61.95945606657963,26189.129910227097,45.49704420745474
2022,5,Antioquia,146040.20836687976,2937648.98824056,134199986.55771065,6978399301.000954,146040208366879.75,49.71329418575203,20927.465177570495,45.68278480339708
2023,5,Antioquia,146272.28860791906,3075272.3299899073,140164661.79696646,7288562413.442256,146272288607919.06,47.56401154508457,20068.743369494907,45.5779673331976
2024,5,Antioquia,149162.56286814398,3130339.2561002993,141036645.1965399,7333905550.220076,149162562868144.0,47.6506061052204,20338.762457019635,45.05474763532178
2010,8,Atlántico,26632.75430434173,760919.0698676498,36089875.663816236,1876673534.5184443,26632754304341.73,35.000771250185764,14191.469008580501,47.42932210924023
2011,8,Atlántico,28126.179779351547,840843.0737257728,39697413.291807234,2064265491.1739762,28126179779351.547,33.449974981329795,13625.272475661937,47.21144115025903
2012,8,Atlántico,30066.027063020214,841100.2026149115,39843969.70644728,2071886424.7352586,30066027063020.215,35.74607040819561,14511.426255839284,47.37125206078378
2013,8,Atlántico,31663.831737896304,815295.2415627048,38137221.76113443,1983135531.5789905,31663831737896.305,38.83725811671013,15966.549554323841,46.77719164414046
2014,8,Atlántico,33772.29157519511,757054.86887733,35583657.48684918,1850350189.3161573,33772291575195.11,44.61009758153663,18251.83782518297,47.00274570536446
2015,8,Atlántico,35716.29568989337,845442.316008528,38816675.205754064,2018467110.6992114,35716295689893.37,42.24569200476724,17694.762278054157,45.912860606521285
2016,8,Atlántico,36347.380065247504,934004.403009619,41963905.23556473,2182123072.249366,36347380065247.5,38.915641027093926,16656.888205567648,44.929022925743695
2017,8,Atlántico,36779.304586598766,937428.5944082356,42243521.96883298,2196663142.379315,36779304586598.766,39.2342465399364,16743.261120483534,45.06318904801466
2018,8,Atlántico,37609.64597709261,966033.1301276636,43322668.33876341,2252778753.6156974,37609645977092.61,38.93204570750322,16694.780131750325,44.84594470692554
2019,8,Atlántico,38689.99370682553,1069738.2888898475,48783007.0166395,2536716364.865254,38689993706825.53,36.16771887914493,15251.998308798184,45.60274931101654
2021,8,Atlántico,40607.357145230155,990511.3807259536,43582290.70104234,2266279116.4542017,40607357145230.16,40.99635595854406,17918.074102348008,43.9997879369145
2022,8,Atlántico,44372.49262887849,1166496.5446337063,51114007.70805422,2657928400.8188195,44372492628878.49,38.03911193137051,16694.389741728482,43.81839615659096
2023,8,Atlántico,44673.47437505063,1233057.3922895016,55913471.74797009,2907500530.8944445,44673474375050.63,36.22984189900711,15364.906695754782,45.34539275917379
2024,8,Atlántico,45132.440414469056,1209186.9753406516,54377998.03449156,2827655897.793561,45132440414469.055,37.32461673411125,15961.079440283453,44.97071101776647
2010,11,Bogotá D.C.,167408.94535518353,3269608.6969012227,157685767.85210717,8199659928.309572,167408945355183.53,51.20152314062709,20416.571762592142,48.22771850391582
2011,11,Bogotá D.C.,176869.71708896477,3418873.258181581,162073252.03800288,8427809105.97615,176869717088964.78,51.73333543900884,20986.44082523733,47.40545782156483
2012,11,Bogotá D.C.,183103.76718077803,3509967.2281839694,167046341.33113748,8686409749.219149,183103767180778.03,52.166802501889606,21079.338008115246,47.591994588954044
2013,11,Bogotá D.C.,190160.1686253778,3548110.034808426,167875778.16945717,8729540464.811773,190160168625377.78,53.59477771541128,21783.525649706466,47.314140915170725
2014,11,Bogotá D.C.,198995.5951380746,3620902.1725722044,170456716.40212783,8863749252.910646,198995595138074.6,54.957462437244686,22450.499157873754,47.075758548052505
2015,11,Bogotá D.C.,206478.40891632767,3617817.5869811964,170698855.60950276,8876340491.694143,206478408916327.66,57.072642263486465,23261.659363961495,47.18282542043211
2016,11,Bogotá D.C.,210682.96893131113,3535659.2854017583,165830857.31327367,8623204580.29023,210682968931311.12,59.588029254173776,24432.096788340397,46.90238621067534
2017,11,Bogotá D.C.,214483.69005150103,3329229.5413709898,156504099.396453,8138213168.615556,214483690051501.03,64.42442234342778,26355.132952113152,47.00910449449033
2018,11,Bogotá D.C.,221651.98815448463,3406080.6571038486,160744807.5323053,8358729991.679875,221651988154484.62,65.07537855634716,26517.42410331628,47.19348239656332
2019,11,Bogotá D.C.,229313.76178465533,3568694.8330839546,167599753.34547457,8715187173.964678,229313761784655.34,64.25703864022734,26311.972101952786,46.96387928486452
2021,11,Bogotá D.C.,237631.21138542914,3134441.084553535,147266139.4239826,7657839250.047094,237631211385429.12,75.81294558588806,31031.1046792955,46.98322139462352
2022,11,Bogotá D.C.,260391.4394270662,3588029.8763249717,170640626.99749246,8873312603.869608,260391439427066.2,72.57226065624941,29345.459925925607,47.558307171140555
2023,11,Bogotá D.C.,261972.88307518672,3808991.2263876526,176621975.2523889,9184342713.124222,261972883075186.72,68.77749711270272,28523.857532105514,46.36975113746652
2024,11,Bogotá D.C.,267051.3678142882,3964950.027902832,179756511.67696062,9347338607.201952,267051367814288.2,67.35302234200888,28569.77574435252,45.33638770020984
2010,13,Bolívar,23076.789357966394,646900.0423447139,31021566.85549824,1613121476.4859085,23076789357966.395,35.6728827444866,14305.67362368632,47.954188939390676
2011,13,Bolívar,25158.94834859299,697368.9541956572,32370583.033742163,1683270317.7545924,25158948348592.99,36.076954956521156,14946.469431097617,46.41815905194442
2012,13,Bolívar,25784.44706444199,677643.5845057556,30675484.893423982,1595125214.4580472,25784447064441.99,38.05016037043731,16164.528546558271,45.26787472768207
2013,13,Bolívar,28346.01323410931,659618.8900563533,30200197.35984132,1570410262.7117486,28346013234109.31,42.97331938399705,18050.06876684699,45.78431244936181
2014,13,Bolívar,27792.85110444693,655328.3124304536,29348971.91853759,1526146539.7639546,27792851104446.93,42.41057585528389,18211.128735216727,44.785142594693305
2015,13,Bolívar,28105.21128828678,714401.2321527441,30790909.277031165,1601127282.4056206,28105211288286.78,39.340933390604356,17553.389788012348,43.10030259081055
2016,13,Bolívar,29284.661306104183,683619.3151373923,30219664.850882933,1571422572.2459126,29284661306104.184,42.83767391829562,18635.764703474946,44.20539938197833
2017,13,Bolívar,30271.190343724826,721236.337314258,32052893.34473109,1666750453.9260166,30271190343724.824,41.97124961347451,18161.801169707975,44.441595197615456
2018,13,Bolívar,30804.08827574953,743474.7918268009,32253017.512930106,1677156910.6723654,30804088275749.53,41.432592758202915,18366.849326817188,43.381454041879245
2019,13,Bolívar,31919.755993308096,930911.235658458,39544240.13120447,2056300486.8226326,31919755993308.094,34.28872138462311,15522.90445771866,42.47906633464768
2021,13,Bolívar,32660.56437121709,749763.8753457139,32199180.658999033,1674357394.2679498,32660564371217.09,43.56113363845037,19506.327910055727,42.9457616161516
2022,13,Bolívar,35424.40371121257,818789.4617195129,34480924.25350634,1793008061.1823297,35424403711212.57,43.26436204591464,19756.968458832984,42.11207626084254
2023,13,Bolívar,35647.24251460941,903077.9337434726,38252322.132975854,1989120750.9147444,35647242514609.41,39.47305230551157,17921.10534175272,42.357719864121684
2024,13,Bolívar,35907.28967549529,796377.3261698836,34931283.72752252,1816426753.831171,35907289675495.29,45.088287292392764,19768.091171174587,43.862730115034644
2010,15,Boyacá,17346.016995581424,428967.0211261067,17988872.180104043,935421353.3654102,17346016995581.424,40.43671457550599,18543.533278532534,41.93532671318273
2011,15,Boyacá,18968.974784455262,460675.91407925356,19056681.49260185,990947437.6152961,18968974784455.26,41.17639799416968,19142.26129904921,41.36678500044911
2012,15,Boyacá,19556.4165695324,481082.5435644548,20486528.172477964,1065299464.9688542,19556416569532.402,40.650854684175954,18357.670507329287,42.58422685780368
2013,15,Boyacá,20127.374018803806,491034.68317925814,21337362.961916406,1109542874.019653,20127374018803.805,40.989719684334524,18140.23999440989,43.453881554283086
2014,15,Boyacá,20986.058056684422,511818.69847736997,22110799.163814574,1149761556.5183578,20986058056684.42,41.002913959800004,18252.530655341445,43.200452092885385
2015,15,Boyacá,22164.683372837735,536271.3137202064,23273609.673845135,1210227703.039947,22164683372837.734,41.33110014607627,18314.473645878956,43.39894579180844
2016,15,Boyacá,22341.244463173196,525760.6487047566,22470548.12591816,1168468502.5477443,22341244463173.195,42.49318490878352,19120.10842779249,42.7391212736741
2017,15,Boyacá,22574.436274817897,543437.4982666218,23514465.882295754,1222752225.8793793,22574436274817.9,41.54007838403232,18461.98747140518,43.269862601124856
2018,15,Boyacá,23236.7077751753,566618.7979658268,24049899.434147846,1250594770.575688,23236707775175.297,41.009419134337854,18580.525300356658,42.44458447281925
2019,15,Boyacá,23732.383798024865,550387.2513943772,22888775.491341352,1190216325.5497503,23732383798024.863,43.11942861666965,19939.55492675929,41.58667453389198
2021,15,Boyacá,23270.35090533265,405784.0604399958,17160351.48411081,892338277.1737621,23270350905332.65,57.34663623825039,26077.947680374233,42.28936805823192
2022,15,Boyacá,24835.37666562782,510273.9424686432,21261014.440447807,1105572750.903286,24835376665627.82,48.670673923652245,22463.810405363714,41.665883108962234
2023,15,Boyacá,24919.72722798641,518280.7512190068,21367849.28327635,1111128162.73037,24919727227986.41,48.08152178018325,22427.41032389214,41.22832891829136
2024,15,Boyacá,25177.13652572238,529805.9535491505,21422488.13565117,1113969383.053861,25177136525722.38,47.52142998216927,22601.28232312921,40.434593065900295
2010,17,Caldas,10675.32742860875,392289.33006841835,18794652.59136014,977321934.7507273,10675327428608.75,27.212892654375505,10923.040861997604,47.91018044789086
2011,17,Caldas,10695.99755916757,392140.8848726636,19227263.890361473,999817722.2987967,10695997559167.57,27.27590509375422,10697.947556455754,49.03152063984599
2012,17,Caldas,10777.088071359862,406426.09056768485,19425199.76566367,1010110387.8145108,10777088071359.861,26.51672301920066,10669.218138303995,47.79515935734116
2013,17,Caldas,11462.382399886874,401159.16715693,19225951.546417616,999749480.4137161,11462382399886.873,28.573153347391628,11465.254670743627,47.92599327263183
2014,17,Caldas,12106.336467296247,417250.13007695647,19739629.293107484,1026460723.2415892,12106336467296.246,29.014578054327714,11794.252028527819,47.30886312597856
2015,17,Caldas,12513.501744755558,431007.75488342496,20455241.884324152,1063672577.9848559,12513501744755.559,29.033124353273173,11764.43014866716,47.45910404757497
2016,17,Caldas,12821.068783831432,434533.5704444661,20634002.2527705,1072968117.1440659,12821068783831.432,29.505358517449643,11949.161003923815,47.48540425004413
2017,17,Caldas,13043.346698233452,440344.9758737052,20178165.510750655,1049264606.5590341,13043346698233.451,29.620746035204903,12430.94126753012,45.82353976155716
2018,17,Caldas,13394.76340712194,450151.9054625769,20952334.37759888,1089521387.6351418,13394763407121.94,29.75609620791776,12294.17206411699,46.545030962533026
2019,17,Caldas,13798.051820555198,445288.5637342009,20705718.670389853,1076697370.8602724,13798051820555.197,30.986764413719488,12815.162546120704,46.499551878788864
2021,17,Caldas,14454.188242439237,371043.28252546693,17541879.380944084,912177727.8090924,14454188242439.236,38.95553139800384,15845.802634488704,47.27717818133544
2022,17,Caldas,15325.480229424333,415216.41125329334,19375455.684654873,1007523695.6020534,15325480229424.332,36.909620655806336,15211.037017115985,46.66351126674354
2023,17,Caldas,15401.145917755233,430648.076310808,19470004.42313247,1012440230.0028886,15401145917755.232,35.76271848162139,15211.90630454431,45.21094019489025
2024,17,Caldas,15746.930873762623,429957.62929398025,19455043.995043352,1011662287.7422543,15746930873762.623,36.624378312858774,15565.402669012547,45.248747014885765
2010,18,Caquetá,2573.310348401396,172190.04403764955,8388391.47154257,436196356.5202136,2573310348401.396,14.944594286988734,5899.431093212598,48.71589131894546
2011,18,Caquetá,2663.5524647288967,178113.07661708834,8689322.980637332,451844794.9931413,2663552464728.8965,14.954278008767789,5894.839321473931,48.785429715067146
2012,18,Caquetá,2982.219938010385,180928.50610079736,8744662.360480923,454722442.745008,2982219938010.385,16.482863879663913,6558.330220095837,48.33214261775406
2013,18,Caquetá,3155.6540053273006,177713.73870010916,8557136.143624907,444971079.4684952,3155654005327.301,17.756950185221456,7091.8182123131155,48.151235837005395
2014,18,Caquetá,3323.447940373748,188742.1580393684,8930008.236004498,464360428.2722339,3323447940373.748,17.60840278026562,7157.043834978458,47.313267628008425
2015,18,Caquetá,3349.8674772843992,188419.35728416714,8983600.31786778,467147216.52912456,3349867477284.3994,17.778786243455087,7170.903215850693,47.67875470628554
2016,18,Caquetá,3426.8095046940543,202724.91575901207,9277271.709403511,482418128.8889826,3426809504694.054,16.90374116996873,7103.401177285888,45.76285887044988
2017,18,Caquetá,3453.8970974461545,206916.49401315025,9619180.282809634,500197374.70610094,3453897097446.1543,16.692227045112446,6905.06842319104,46.48822380587167
2018,18,Caquetá,3525.1160766339985,213114.93259362754,9756215.16976931,507323188.8280041,3525116076633.9985,16.540915428745535,6948.462349567674,45.77912514639547
2019,18,Caquetá,3595.8663305674672,207086.71687910456,9220647.443853691,479473667.08039194,3595866330567.4673,17.36406074111795,7499.611714785911,44.52553781726438
2021,18,Caquetá,3662.685910575827,142593.7691457844,6667350.35270786,346702218.34080875,3662685910575.827,25.686156783128343,10564.35672117737,46.757655630038954
2022,18,Caquetá,3764.622416903448,150180.76345014572,7051542.450990994,366680207.4515317,3764622416903.448,25.067274465901612,10266.772900200951,46.953699588375294
2023,18,Caquetá,3815.593053795733,155221.94692061108,7137730.179762086,371161969.3476285,3815593053795.733,24.58153070162967,10280.129347578893,45.98402688128057
2024,18,Caquetá,3896.2083901751707,156651.94694931235,7156454.95222333,372135657.51561314,3896208390175.171,24.871752097890372,10469.860416457683,45.683791945075114
2010,19,Cauca,10527.986557692253,482915.1096216211,19639465.643271714,1021252213.4501292,10527986557692.254,21.800905268715358,10308.899622479366,40.66856731540217
2011,19,Cauca,10924.12890903399,488992.89351547667,19970273.3859267,1038454216.0681884,10924128909033.99,22.340056581391284,10519.605717809205,40.839598388344754
2012,19,Cauca,11911.127648817639,497557.1407939269,20073025.220729034,1043797311.4779098,11911127648817.639,23.9392155638881,11411.341567792224,40.343155740262354
2013,19,Cauca,13290.91160137233,498471.5495433232,20120626.833376,1046272595.3355521,13290911601372.33,26.66333036168033,12703.105921559358,40.36464438503982
2014,19,Cauca,13898.553682667705,510662.2042522689,20137845.074194103,1047167943.8580934,13898553682667.705,27.216726765628756,13272.516375416437,39.43476706618753
2015,19,Cauca,14622.036080438851,518882.58847436414,20373529.894039344,1059423554.4900459,14622036080438.852,28.179854952217706,13801.879350773144,39.26423885978189
2016,19,Cauca,14975.410181087638,536745.5522223647,20636135.083864003,1073079024.3609282,14975410181087.639,27.900389894397442,13955.552052661022,38.44677426467951
2017,19,Cauca,14876.340419595921,548289.2133049099,20965730.33878903,1090217977.6170297,14876340419595.922,27.13228722835191,13645.289955786862,38.23845122251156
2018,19,Cauca,15139.076982949136,570582.5931866079,22189561.49223731,1153857197.5963402,15139076982949.137,26.532665320895852,13120.407806517249,38.88930674928644
2019,19,Cauca,15614.343442382113,555847.7722853567,21648831.98204997,1125739263.0665984,15614343442382.113,28.09104258560588,13870.301902633712,38.94741161422891
2021,19,Cauca,16097.326233148051,514765.261823874,21248141.796158116,1104903373.400222,16097326233148.05,31.271197625327954,14568.99003178011,41.27734206631086
2022,19,Cauca,16946.403871795344,593729.7026402155,23723439.41041215,1233618849.3414319,16946403871795.344,28.542287502945452,13737.147321348237,39.95663229398501
2023,19,Cauca,17012.028145833985,639628.0630046007,24858048.38173567,1292618515.850255,17012028145833.984,26.596750720913292,13160.903961401063,38.86328605559771
2024,19,Cauca,17418.488066932117,653618.4184819818,24448250.305248104,1271309015.8729014,17418488066932.117,26.649322562522446,13701.222794343435,37.40446966293999
2010,20,Cesar,11558.931327489556,353503.7225172694,17340979.16738229,901730916.703879,11558931327489.557,32.69818842409751,12818.603769005975,49.05458715936194
2011,20,Cesar,12872.709612456101,371646.07300841936,18311221.181019355,952183501.4130064,12872709612456.102,34.63701232802877,13519.147930365794,49.27058971131528
2012,20,Cesar,13696.899076784619,384693.74924318935,18557571.993980117,964993743.6869661,13696899076784.62,35.60468321549446,14193.769821193526,48.23985840811959
2013,20,Cesar,13588.262504157838,377634.64872438216,18613877.262225956,967921617.6357497,13588262504157.838,35.98256290850916,14038.598019278252,49.2907028661222
2014,20,Cesar,14390.724653960997,375681.4254301906,17957624.11009072,933796453.7247175,14390724653960.996,38.30565920974736,15410.986619792166,47.80013834734457
2015,20,Cesar,14570.402494107215,390228.7216468001,18652368.69722097,969923172.2554904,14570402494107.215,37.338108872711395,15022.223317156899,47.798554187673076
2016,20,Cesar,15676.321843809406,392542.4653051769,18285894.30246745,950866503.7283075,15676321843809.406,39.93535280729961,16486.354059526977,46.583225812910015
2017,20,Cesar,16122.610931878282,416587.6666263348,18665583.86263439,970610360.8569883,16122610931878.281,38.70160406438466,16610.796239227268,44.805896472630806
2018,20,Cesar,16090.234940349326,389292.3896747871,17445551.17776386,907168661.2437208,16090234940349.326,41.332004855761575,17736.762332915852,44.81349145391151
2019,20,Cesar,16646.45002566045,438458.24496114114,20475649.574220277,1064733777.8594544,16646450025660.451,37.965872958178174,15634.377693104232,46.69920068679505
2021,20,Cesar,14778.482104742114,416789.94119099126,18527623.508406464,963436422.4371362,14778482104742.113,35.457866527469704,15339.343376035176,44.45314456357358
2022,20,Cesar,15594.363043981533,448083.5718313853,20791733.224660873,1081170127.6823654,15594363043981.533,34.802353900735554,14423.597771250083,46.401462878190145
2023,20,Cesar,15890.31818585795,471891.1698380464,21463405.833440483,1116097103.338905,15890318185857.95,33.673692583210496,14237.39756901136,45.48380475270759
2024,20,Cesar,15193.05583498387,466649.8886965541,21112485.259486895,1097849233.4933186,15193055834983.871,32.55771875874887,13838.92739683398,45.24266644198344
2010,27,Chocó,3793.911356124453,199424.21845789676,9498989.522652963,493947455.1779541,3793911356124.453,19.02432605960263,7680.7994784741295,47.63207596402554
2011,27,Chocó,4031.154379957144,213435.00782216116,10051596.692781538,522683028.02463996,4031154379957.144,18.887034611098066,7712.426391941523,47.09441433879841
2012,27,Chocó,3876.946414465895,199817.13312273816,8735008.39953233,454220436.77568114,3876946414465.895,19.40247242004254,8535.385245953921,43.71501213645593
2013,27,Chocó,3546.783206298733,187067.64200738654,8621047.459102452,448294467.8733275,3546783206298.733,18.95989690274005,7911.726466588767,46.08518804530631
2014,27,Chocó,3471.6562487517144,147373.91591592142,6114349.293357138,317946163.25457114,3471656248751.7144,23.556789050325133,10919.006580280859,41.488680377099065
2015,27,Chocó,3570.631209841738,148479.09775274008,6700393.661126352,348420470.3785703,3570631209841.738,24.048039514544023,10248.052320123814,45.12684790342957
2016,27,Chocó,3765.2208688075475,136778.1611556517,5908988.277917822,307267390.45172673,3765220868807.5474,27.5279389413839,12253.890213576316,43.201255434290225
2017,27,Chocó,3482.398323555387,169353.22435467487,7565636.324505273,393413088.8742742,3482398323555.3867,20.562928971828917,8851.760203301932,44.673707001058524
2018,27,Chocó,3201.860110136186,198841.6654735614,8696978.72636981,452242893.7712301,3201860110136.186,16.10256131435348,7079.956709625751,43.73821103166221
2019,27,Chocó,3340.9158841057924,213202.1022463767,9715191.490438169,505189957.5027848,3340915884105.7925,15.670182652537942,6613.187444620524,45.56799106610721
2021,27,Chocó,3546.1677732149274,127009.90199345381,5399269.229820275,280761999.95065427,3546167773214.9272,27.920403980767574,12630.511870688302,42.51061645649138
2022,27,Chocó,3624.0748396385557,143303.69900274277,6168134.48878177,320742993.416652,3624074839638.5557,25.289471694440998,11298.99924245829,43.04239549785602
2023,27,Chocó,3713.970579743413,130222.81313351083,5796063.25466652,301395289.24265903,3713970579743.413,28.520122476049323,12322.590008210862,44.50881619892599
2024,27,Chocó,3769.7102564905877,131819.79348657696,6077138.960616764,316011225.9520717,3769710256490.588,28.597452300473012,11929.039055917356,46.10186983213254
2010,25,Cundinamarca,38164.356792697385,902924.6650400647,41347595.79016454,2150074981.088556,38164356792697.38,42.267487278137374,17750.24458606334,45.79296301350883
2011,25,Cundinamarca,41523.67442662403,916011.923158216,41479671.898817174,2156942938.738493,41523674426624.03,45.33093224754013,19251.169644251004,45.28289517870466
2012,25,Cundinamarca,43035.53685319445,936699.4093231842,42112041.45639729,2189826155.732659,43035536853194.445,45.94380697249499,19652.490103167973,44.95790329026204
2013,25,Cundinamarca,44776.212539391556,950855.6800863887,42948384.04356181,2233315970.265214,44776212539391.555,47.090440197321506,20049.206263489097,45.16814164654282
2014,25,Cundinamarca,46230.44792279673,965222.6841272218,43851047.16197084,2280254452.4224834,46230447922796.734,47.89614736893533,20274.2496012595,45.4310159542324
2015,25,Cundinamarca,48055.14651495274,991150.7432435409,44287207.64238281,2302934797.403906,48055146514952.74,48.48419561054081,20866.915802012812,44.68261558020218
2016,25,Cundinamarca,49600.649347074606,990807.2944562166,44583776.32324756,2318356368.808873,49600649347074.61,50.060843944731815,21394.747595495195,44.997424395948165
2017,25,Cundinamarca,50408.732976475134,1001218.54984153,45849394.65021103,2384168521.8109736,50408732976475.13,50.34738218189593,21143.108180199244,45.793592874870264
2018,25,Cundinamarca,51551.400703454856,987279.3411311205,45685985.67357911,2375671255.026114,51551400703454.86,52.215617764666995,21699.7198557627,46.27462944908473
2019,25,Cundinamarca,52890.19488571039,1017674.2075830013,46431216.44803401,2414423255.2977686,52890194885710.39,51.97163737825858,21905.93334025334,45.62483366686592
2021,25,Cundinamarca,55181.84042911929,1159111.1777365466,54164305.69347123,2816543896.060504,55181840429119.29,47.60702984236213,19592.03991327884,46.7291720879101
2022,25,Cundinamarca,59558.24638100433,1413964.7766806285,64749578.049462,3366978058.572024,59558246381004.33,42.12144981491057,17688.93213585826,45.79292151920907
2023,25,Cundinamarca,59647.96244907074,1495204.7075644536,67073847.79125565,3487840085.145294,59647962449070.74,39.89284018924178,17101.690729202674,44.85930752619993
2024,25,Cundinamarca,60506.329392063584,1497470.1840930174,66992694.067516565,3483620091.5108614,60506329392063.586,40.405698914607,17368.808251941653,44.73724737837934
2010,23,Córdoba,11607.732179651237,598140.0017920486,26558064.090465423,1381019332.704202,11607732179651.236,19.40638001951727,8405.191661525767,44.40108337662842
2011,23,Córdoba,11546.80310278967,597579.2071652996,26578679.243923668,1382091320.6840308,11546803102789.67,19.322631986416567,8354.587667242477,44.47724908301837
2012,23,Córdoba,12683.650512523787,614208.8351982338,26813349.30488804,1394294163.854178,12683650512523.787,20.650387597290393,9096.825362492376,43.65510192674796
2013,23,Córdoba,13141.361626508242,638239.8959845025,26953806.691291176,1401597947.9471412,13141361626508.242,20.590003397135384,9375.985207281316,42.2314663512443
2014,23,Córdoba,13683.779018080728,631624.0728066363,25310218.61887171,1316131368.181329,13683779018080.729,21.664435551476902,10396.970506819085,40.071649749518194
2015,23,Córdoba,13656.567300133398,688851.2853812499,27829313.212570693,1447124287.0536761,13656567300133.398,19.825131476055923,9437.038285037679,40.39959538896463
2016,23,Córdoba,13731.403833371107,681287.1612159385,29469501.837957166,1532414095.5737727,13731403833371.107,20.15508968180724,8960.635296316392,43.25562481664998
2017,23,Córdoba,13920.294746264999,717600.8775971008,30196850.773716353,1570236240.2332504,13920294746265.0,19.39838032650873,8865.095830546627,42.08028685086205
2018,23,Córdoba,14195.537270490544,733491.9705589513,30750654.030691188,1599034009.5959418,14195537270490.545,19.353364236111485,8877.570574047766,41.92364097354456
2019,23,Córdoba,14774.33245866878,714653.0130086724,30197749.5674983,1570282977.5099115,14774332458668.78,20.67343478546209,9408.707010310518,42.255121041701734
2021,23,Córdoba,15431.429349159753,717622.3886015376,28408360.619446516,1477234752.2112188,15431429349159.752,21.50355060581605,10446.159167363892,39.58678139182244
2022,23,Córdoba,16488.358344392895,716490.8287560145,28858861.8189977,1500660814.5878804,16488358344392.895,23.012657919181336,10987.398474132222,40.27806171518346
2023,23,Córdoba,16707.527697314483,754655.9448473185,29906069.043530885,1555115590.263606,16707527697314.482,22.13926466940473,10743.59218177628,39.62874638134794
2024,23,Córdoba,17032.132414305022,774002.029012392,30728709.666814983,1597892902.674379,17032132414305.021,22.005281350538073,10659.120136148356,39.70107120523195
2010,41,Huila,11723.976802425374,364173.5576786011,16083539.99904586,836344079.9503847,11723976802425.373,32.19337745760303,14018.12613191557,44.16449151764137
2011,41,Huila,12503.665813444433,381740.7243286126,17102056.89335812,889306958.4546221,12503665813444.434,32.75434088263778,14060.011219492158,44.80018977130722
2012,41,Huila,12769.396558016235,379659.3799076062,16319525.768533474,848615339.9637406,12769396558016.234,33.633823458079156,15047.3317611273,42.984650537292104
2013,41,Huila,13310.405259539662,378640.8502138446,16302927.97986069,847752254.9527558,13310405259539.662,35.153114757750934,15700.819646043212,43.05644245900383
2014,41,Huila,13915.06204359526,385504.44524862897,17247886.453522976,896890095.5831947,13915062043595.26,36.095723966609036,15514.790621639228,44.74108318621085
2015,41,Huila,13805.323974530787,399249.55486959004,17445056.697325088,907142948.2609046,13805323974530.787,34.57818250803091,15218.465844878308,43.69461777615081
2016,41,Huila,13635.836397667399,410506.62886333995,18229328.40284821,947925076.9481069,13635836397667.398,33.217091854092445,14384.93054911963,44.40690386248759
2017,41,Huila,13211.633615559287,405580.1400556756,17537069.45788953,911927611.8102556,13211633615559.287,32.57465617953007,14487.590291660372,43.23946792730568
2018,41,Huila,13369.145353982982,379140.23285223957,16271449.610185346,846115379.729638,13369145353982.982,35.261742742014064,15800.61735582075,42.91670521953479
2019,41,Huila,13753.501651992608,381681.7755464944,16576325.297742827,861968915.482627,13753501651992.61,36.033949046428155,15955.913728387588,43.42970076055829
2021,41,Huila,14164.392160162924,366627.50592080876,16496423.420765694,857814017.879816,14164392160162.924,38.634286657211206,16512.194793892286,44.995051255998526
2022,41,Huila,14807.150423974703,432782.5810661316,19320065.956727345,1004643429.7498219,14807150423974.703,34.21383177552631,14738.71224904343,44.64150546247408
2023,41,Huila,14903.943704209316,452254.36942856165,19987254.286135763,1039337222.8790597,14903943704209.316,32.95478100751341,14339.8536837967,44.19471792254947
2024,41,Huila,15353.680484528884,485561.0025486689,20756794.34321212,1079353305.8470302,15353680484528.885,31.620497535713756,14224.888552576374,42.748067151730574
2010,44,La Guajira,7537.923684586167,271571.4127948123,12138307.219811516,631191975.4301988,7537923684586.167,27.75669061412402,11942.362986235015,44.69655732498877
2011,44,La Guajira,8005.784230739766,275949.72829844506,12218654.305776546,635370023.9003804,8005784230739.766,29.011748915662466,12600.191903285307,44.27855168084033
2012,44,La Guajira,8438.36348980637,306516.15747150395,13484086.617368815,701172504.1031784,8438363489806.37,27.529914114204125,12034.64688136809,43.99143826087666
2013,44,La Guajira,8479.780652908492,306487.5583086128,13697555.430798693,712272882.401532,8479780652908.492,27.66761789517704,11905.241463521219,44.692043965472024
2014,44,La Guajira,8720.613786502312,327326.18814675946,14518068.097700704,754939541.0804366,8720613786502.312,26.641967866599025,11551.406850436988,44.35351836618525
2015,44,La Guajira,8665.814100215299,347495.82661045453,14364056.43348958,746930934.5414581,8665814100215.299,24.937894030968444,11601.894766261426,41.33591063121399
2016,44,La Guajira,8891.340947789686,348153.8596396848,14964376.71963189,778147589.4208583,8891340947789.686,25.538539072901873,11426.291192917693,42.9820790587213
2017,44,La Guajira,8996.213149026285,371601.05640502856,16129221.917383641,838719539.7039493,8996213149026.285,24.209331469770675,10726.12801199524,43.4046718634823
2018,44,La Guajira,8977.145406414034,398409.57838648197,18010549.749621242,936548586.9803046,8977145406414.035,22.532453769737554,9585.349368107927,45.20611633526013
2019,44,La Guajira,8955.495290121544,391706.1340055702,17810373.95519174,926139445.6699704,8955495290121.543,22.86279052753918,9669.70506654441,45.46871342826219
2021,44,La Guajira,8766.454475307019,425084.82987097796,18531366.871560015,963631077.3211207,8766454475307.019,20.622835394920628,9097.313984183267,43.59451471647357
2022,44,La Guajira,8516.025193371453,367462.7749025027,16233337.798022905,844133565.4971911,8516025193371.453,23.175205150048118,10088.48071140916,44.17682254299098
2023,44,La Guajira,8632.673011955696,323615.4076947843,14067590.813756483,731514722.3153371,8632673011955.696,26.675716936498723,11801.092648733287,43.47008974005415
2024,44,La Guajira,8221.498196294806,331294.377495861,14235996.882150298,740271837.8718154,8221498196294.806,24.816292562639465,11106.052906092627,42.970837566744265
2010,47,Magdalena,9138.294165773621,391449.7493849413,19354274.322522193,1006422264.771154,9138294165773.621,23.344743942567362,9079.980129266653,49.44255131835507
2011,47,Magdalena,9314.180256853917,370747.36563555594,18067960.8131004,939533962.2812209,9314180256853.916,25.122714603479448,9913.617421810664,48.733888593186066
2012,47,Magdalena,9721.986945907347,401425.82608391886,18836448.825517144,979495338.9268914,9721986945907.348,24.218638448725386,9925.50608414175,46.92385890881706
2013,47,Magdalena,10238.749620585739,406411.3925222052,18755766.08117486,975299836.2210928,10238749620585.738,25.193067440958416,10498.053255352637,46.14970551090076
2014,47,Magdalena,10128.23712088042,424610.63240295416,19315647.633269206,1004413676.9299986,10128237120880.42,23.8529993080078,10083.730790920219,45.49025897905146
2015,47,Magdalena,10513.57745023304,426991.98826677795,19018674.376473702,988971067.5766325,10513577450233.041,24.622423228382267,10630.824090734459,44.54105673896423
2016,47,Magdalena,10868.965741951495,388644.680489259,16903731.539870635,878994040.073273,10868965741951.496,27.96633091251556,12365.232580013238,43.49405096344243
2017,47,Magdalena,10989.952584433297,372315.9672917897,16300728.10197903,847637861.3029096,10989952584433.297,29.517811616766636,12965.38661869182,43.78197427456529
2018,47,Magdalena,11248.338740491246,394800.1331016357,17513595.460081074,910706963.9242159,11248338740491.246,28.491223273208774,12351.216347377433,44.36066250153074
2019,47,Magdalena,11524.826629304358,487171.75375196047,21596347.837977685,1123010087.5748396,11524826629304.357,23.65659860315327,10262.44265907925,44.33004925193855
2021,47,Magdalena,12089.88082223222,479966.4981025765,20912079.99849928,1087428159.9219627,12089880822232.22,25.189009795530396,11117.866235043819,43.569874316582066
2022,47,Magdalena,12832.471338928239,533606.258465449,23719749.7792778,1233426988.5224457,12832471338928.238,24.04857727087386,10403.916452566511,44.45178331957974
2023,47,Magdalena,12897.664682052531,573466.0102476231,25342064.113545004,1317787333.9043403,12897664682052.531,22.490722120537377,9787.364281184378,44.1910482237688
2024,47,Magdalena,13126.113447441481,550091.0381352282,24614192.840306208,1279938027.6959229,13126113447441.48,23.861711130466922,10255.272648684733,44.74567141422022
2010,50,Meta,21269.755617411487,339224.6313782941,17016711.22359177,884868983.626772,21269755617411.49,62.70109434857646,24037.18065722466,50.16354842645608
2011,50,Meta,25834.358858363747,341429.6598374517,17108095.22134677,889620951.510032,25834358858363.746,75.66524498973816,29039.737446058134,50.10723212942782
2012,50,Meta,27810.635095034362,348085.4492743529,17449632.838672962,907380907.610994,27810635095034.363,79.89600011437038,30649.3500819362,50.13031390726007
2013,50,Meta,30819.33390082855,348753.02443958056,17568635.69656914,913569056.2215953,30819333900828.55,88.37008352931954,33735.089527105236,50.3755794657282
2014,50,Meta,29878.124081089773,361230.27541229775,17998123.496057693,935902421.7950001,29878124081089.773,82.71212607245545,31924.400861988874,49.824515609925434
2015,50,Meta,30712.162600333504,384428.75113373896,19019123.28652916,988994410.8995163,30712162600333.504,79.8903893367982,31053.929387123622,49.47372752542277
2016,50,Meta,28904.315256348724,380521.8682647806,18813096.698327836,978281028.3130474,28904315256348.723,75.95966925148196,29546.024526501824,49.44025105342176
2017,50,Meta,29021.899838421592,389665.35558862414,19098967.8174445,993146326.5071139,29021899838421.594,74.47903546514019,29222.17911281144,49.01376923435703
2018,50,Meta,29403.621126852922,403109.9890673436,19541657.607446056,1016166195.5871949,29403621126852.92,72.94193129493685,28935.838698965916,48.47723484267571
2019,50,Meta,30800.03005841871,416169.0898166178,20313175.45459286,1056285123.6388288,30800030058418.71,74.00845188187942,29158.822148620962,48.80990912502351
2021,50,Meta,28793.062452657803,425914.1545508358,20292315.85690884,1055200424.5592597,28793062452657.805,67.60297150260864,27286.81848728805,47.644145281597616
2022,50,Meta,30215.91599102544,473222.69503211975,22213586.72129631,1155106509.5074081,30215915991025.438,63.85136703761545,26158.553988160736,46.94108493631856
2023,50,Meta,31354.080627896183,484338.8303918037,23019239.011228237,1197000428.5838683,31354080627896.184,64.73583916972431,26193.875857663777,47.527139198413906
2024,50,Meta,32066.04600507523,508097.8658874078,23801904.809624866,1237699050.100493,32066046005075.23,63.109979706509776,25907.78913700522,46.8451186427523
2010,52,Nariño,9259.411637378087,596192.2221348764,25444234.89454478,1323100214.5163286,9259411637378.088,15.53091652927222,6998.269319125574,42.67790479290845
2011,52,Nariño,9828.309888378597,635105.5744803189,26369234.52370008,1371200195.2324042,9828309888378.598,15.475080495743883,7167.669551500319,41.519450597291566
2012,52,Nariño,10376.46705731138,623276.4892015952,26129959.130682558,1358757874.7954931,10376467057311.38,16.648256812323257,7636.730023642472,41.923543697524224
2013,52,Nariño,11037.218671754681,640148.8287549209,26148328.518516053,1359713082.9628348,11037218671754.682,17.24164471756028,8117.314461448307,40.84726448593858
2014,52,Nariño,11569.079276205677,619344.9242966219,25521118.66252353,1327098170.4512236,11569079276205.678,18.679541596864556,8717.576087285315,41.20663246172134
2015,52,Nariño,12229.742977637798,686184.166556778,28291364.077559482,1471150932.033093,12229742977637.797,17.82282887552733,8313.044373181074,41.22998672429805
2016,52,Nariño,12760.121721508736,680110.445596126,27767709.069441296,1443920871.6109474,12760121721508.736,18.761837587017673,8837.13364934782,40.82823495690104
2017,52,Nariño,12441.29756671783,707523.9922173521,28209241.039459348,1466880534.051886,12441297566717.83,17.584276580822788,8481.466130272993,39.87036672926483
2018,52,Nariño,12642.588512510838,727787.2267145301,28518188.604951583,1482945807.4574823,12642588512510.838,17.37127013012254,8525.32064822154,39.18478857301745
2019,52,Nariño,13063.711389858721,724805.9395477596,27506742.98818821,1430350635.385787,13063711389858.72,18.023736668065638,9133.223048022237,37.950493349090046
2021,52,Nariño,13745.169366932374,751107.8141664697,29356937.379182994,1526560743.7175157,13745169366932.375,18.29986202737867,9004.010763082917,39.084851502658644
2022,52,Nariño,14343.985739924141,806822.2048889796,30516657.873613358,1586866209.4278946,14343985739924.14,17.77837254974645,9039.190358143369,37.82327468021596
2023,52,Nariño,14344.291380776132,824826.6626084788,32582800.295463577,1694305615.364106,14344291380776.133,17.39067373915015,8466.177087947352,39.50260311957166
2024,52,Nariño,14662.831531486238,824688.2288883963,30905863.85738943,1607104920.5842505,14662831531486.238,17.779848211548238,9123.75498555233,37.47581543518292
2010,54,Norte de Santander,10706.444650889329,522222.97659854864,24951953.541472334,1297501584.1565614,10706444650889.328,20.501672907279513,8251.585032051451,47.78026754777162
2011,54,Norte de Santander,10946.591957631446,567181.9968380888,27122829.39206274,1410387128.3872623,10946591957631.447,19.299963712981402,7761.409429585879,47.82032847175398
2012,54,Norte de Santander,11117.494335435653,577499.8004485627,27355259.54623393,1422473496.4041643,11117494335435.652,19.251079094400268,7815.607365296642,47.36843116653238
2013,54,Norte de Santander,11696.499805065418,565523.9572189985,26704962.32808132,1388658041.0602286,11696499805065.418,20.682589403610294,8422.879830181402,47.221628698817184
2014,54,Norte de Santander,12253.405829289468,552809.7225273908,25419069.308644667,1321791604.0495226,12253405829289.469,22.16568437557162,9270.300849051526,45.981588732613496
2015,54,Norte de Santander,12534.024866470347,555526.4268258071,25752234.030602455,1339116169.5913277,12534024866470.348,22.562427746395155,9359.923471236621,46.35645180328644
2016,54,Norte de Santander,13041.233784068678,561297.120377301,26585911.541975208,1382467400.182711,13041233784068.678,23.234100640499328,9433.302935277252,47.36513083142899
2017,54,Norte de Santander,12940.020336124177,560793.3416176747,27022117.02265051,1405150085.1778264,12940020336124.176,23.074489969508477,9208.995161884486,48.18551686919466
2018,54,Norte de Santander,13347.360858114384,556433.9476038124,26838422.23299149,1395597956.1155574,13347360858114.383,23.987323051716217,9563.901121827956,48.232898708942116
2019,54,Norte de Santander,13549.79890243352,615448.5593656378,29610524.597324632,1539747279.060881,13549798902433.52,22.016135542505328,8800.014837953006,48.1121031916057
2021,54,Norte de Santander,14177.8387670666,520096.62913986715,24944770.651039008,1297128073.8540285,14177838767066.6,27.26000895355509,10930.17648206579,47.96180027602281
2022,54,Norte de Santander,15164.150455032552,625856.0177243551,29900236.72344907,1554812309.6193516,15164150455032.55,24.229455378842864,9753.042448412973,47.774944838219945
2023,54,Norte de Santander,15364.076335014488,653259.8370206562,30662260.725857466,1594437557.7445884,15364076335014.488,23.519089134709304,9636.047683640709,46.93731190593296
2024,54,Norte de Santander,15628.732391989028,642195.3250474753,29974265.974307746,1558661830.664003,15628732391989.027,24.336415701614847,10027.019385809337,46.674687287846346
2010,63,Quindío,5103.625939220887,254039.902530443,12247881.870179841,636889857.2493517,5103625939220.887,20.089859460599072,8013.357225161057,48.21243335468572
2011,63,Quindío,5456.322083332396,281728.5682870018,13818604.215572653,718567419.209778,5456322083332.3955,19.36730135856845,7593.3335376279865,49.04935377904381
2012,63,Quindío,5868.606160467311,294493.07300674747,13877960.83364943,721653963.3497704,5868606160467.312,19.927824109916667,8132.160922703783,47.12491432126642
2013,63,Quindío,5933.025547519642,299102.94861336675,13857972.628783682,720614576.6967515,5933025547519.642,19.836065057282077,8233.285502933108,46.33178206042058
2014,63,Quindío,6103.736923208317,362483.14589318994,17148357.96503832,891714614.1819925,6103736923208.317,16.8386778595407,6844.9443646356885,47.30801461895083
2015,63,Quindío,6380.692344865627,291034.9912852692,13855230.615506094,720471992.0063169,6380692344865.627,21.924141549740128,8856.267024478146,47.60675186965871
2016,63,Quindío,6624.063695955645,333566.9293185536,15680609.8799135,815391713.755502,6624063695955.645,19.858274648173293,8123.78098061209,47.00888637835752
2017,63,Quindío,6735.936197253357,351782.0616517921,16465970.852718027,856230484.3413374,6735936197253.357,19.14803775276312,7866.966103682975,46.80730670404877
2018,63,Quindío,6792.748142425209,346668.8315332204,15973066.267319955,830599445.9006376,6792748142425.209,19.59434343255712,8178.127466795598,46.07586495929126
2019,63,Quindío,6968.49650094416,342213.7150530042,15605718.068596676,811497339.5670271,6968496500944.16,20.36299597128898,8587.208067326737,45.60225783522313
2021,63,Quindío,7320.090567103196,190359.10141735146,8478128.365854291,440862675.0244231,7320090567103.196,38.45411389631597,16604.015222421982,44.53755193594069
2022,63,Quindío,7774.862443110176,222289.18035856882,9877372.71246179,513623381.0480131,7774862443110.176,34.97634221588631,15137.282939195846,44.43478848826047
2023,63,Quindío,7799.070342328842,220049.191387933,9621119.408109115,500298209.221674,7799070342328.843,35.44239491696004,15588.84321105615,43.72258469765373
2024,63,Quindío,7970.451714641012,235888.77959825317,10171003.914178923,528892203.537304,7970451714641.012,33.78902433687455,15070.08736626014,43.117794460174665
2010,66,Risaralda,10503.061453880591,418703.329710254,19964482.41196599,1038153085.4222314,10503061453880.592,25.084733529940625,10117.06423779384,47.681690102110174
2011,66,Risaralda,10665.176060044323,447679.46626982564,21086856.87048657,1096516557.2653015,10665176060044.322,23.82324154580769,9726.415884355762,47.10257775766978
2012,66,Risaralda,10977.94262345112,439460.8869140671,20931143.336956546,1088419453.5217404,10977942623451.12,24.98047710352381,10086.132315928735,47.629138246948145
2013,66,Risaralda,11814.715994659879,427518.1078785024,20580417.783013258,1070181724.7166895,11814715994659.879,27.63559198296587,11039.91567206738,48.13928908214121
2014,66,Risaralda,12366.56066412632,445497.8159564528,21771561.645200804,1132121205.5504417,12366560664126.32,27.75897035000312,10923.353969077587,48.87018716008467
2015,66,Risaralda,12655.73442082919,458080.9488013645,22214238.325947806,1155140392.949286,12655734420829.191,27.6277248681587,10956.014089782431,48.494132716225366
2016,66,Risaralda,13027.281363017793,482840.4649298043,22985179.750291172,1195229347.015141,13027281363017.793,26.98050869641116,10899.39884387123,47.60408751912037
2017,66,Risaralda,13202.218898587202,501529.74837260373,23764982.91208285,1235779111.4283082,13202218898587.201,26.3238999110753,10683.316117334378,47.38499159660421
2018,66,Risaralda,13551.495620999623,492377.38718392875,23143749.946308095,1203474997.208021,13551495620999.623,27.522579171446452,11260.305076913239,47.004087817019695
2019,66,Risaralda,13969.195250802206,483462.64245330513,22807427.001411,1185986204.073372,13969195250802.205,28.89405307495172,11778.547847204123,47.175158944393175
2021,66,Risaralda,14690.78917186427,339148.47115701414,15605973.703337688,811510632.5735598,14690789171864.27,43.316689949231524,18103.015021842755,46.01516748725857
2022,66,Risaralda,15906.17548569544,397627.6604324977,18365858.644831974,955024649.5312626,15906175485695.44,40.00268861676869,16655.251247705888,46.188584126304285
2023,66,Risaralda,16113.093793137878,416549.8874169062,19101308.252702672,993268029.1405389,16113093793137.877,38.68226659010233,16222.301856509279,45.85599187447391
2024,66,Risaralda,16348.008932040064,422915.4710528113,19180417.618355185,997381716.1544696,16348008932040.064,38.655499859920276,16390.925026249595,45.352839825431786
2010,68,Santander,42785.68473514107,875956.21370853,41318231.78303639,2148548052.717892,42785684735141.07,48.84454732503078,19913.766732383574,47.16928898547071
2011,68,Santander,44685.39876594878,933124.7313390813,44050493.544255525,2290625664.301287,44685398765948.78,47.887916015067965,19507.944690552147,47.20750834782916
2012,68,Santander,45841.493848917395,932271.0391509479,44025407.42451147,2289321186.0745964,45841493848917.4,49.17185230881661,20024.055221154835,47.223828238413326
2013,68,Santander,47680.20788791018,949893.0314720549,44450479.702345945,2311424944.5219893,47680207887910.18,50.1953444315934,20628.058030138898,46.79524770642941
2014,68,Santander,52134.65967115733,967061.9092605794,45342667.00915967,2357818684.4763026,52134659671157.33,53.910364136893534,22111.394745663834,46.88703647094208
2015,68,Santander,51999.22965436837,976332.0739683721,45343958.845809124,2357885859.9820743,51999229654368.37,53.25977814394005,22053.32774452606,46.44317241520636
2016,68,Santander,53175.383014299165,974750.8507883821,44981878.67994667,2339057691.357227,53175383014299.164,54.55279466675071,22733.67741667133,46.14705249404518
2017,68,Santander,54065.427685436334,963392.6110160121,45072927.56138265,2343792233.191898,54065427685436.336,56.11982806097911,23067.500147744424,46.78562721572868
2018,68,Santander,54942.33383574756,958464.6881546152,44456709.53881854,2311748896.018564,54942333835747.56,57.32327389288702,23766.566485820593,46.383252391294135
2019,68,Santander,56514.668508560215,972663.1902861984,44230495.84423445,2299985783.9001913,56514668508560.21,58.10301970194968,24571.746879550577,45.473598966174485
2021,68,Santander,57117.604969578664,807385.3195205884,36813166.64132902,1914284665.3491092,57117604969578.664,70.74392311652895,29837.571184410077,45.595536296335005
2022,68,Santander,61011.03257653691,946069.9351139069,43509056.6889979,2262470947.827891,61011032576536.914,64.4889244569337,26966.548514185874,45.989260491360405
2023,68,Santander,61497.4357857824,1011343.0213592292,47217876.6823285,2455329587.481082,61497435785782.4,60.80769282723759,25046.509478539094,46.68829040701582
2024,68,Santander,62586.91370183193,1009902.5625092613,46058670.8925507,2395050886.4126363,62586913701831.93,61.9732200167162,26131.767828772976,45.60704428564941
2010,70,Sucre,5205.7097818538,298255.95407794014,13554088.21410102,704812587.1332531,5205709781853.801,17.453833563682842,7385.948941444771,45.44448494248357
2011,70,Sucre,5553.174475651619,306965.5158257859,13391881.447838508,696377835.2876024,5553174475651.619,18.09054825169107,7974.369938638513,43.626664095516475
2012,70,Sucre,5855.249637376749,342985.5858327419,14721644.271746866,765525502.1308371,5855249637376.749,17.071416057210293,7648.6669889882,42.922049438328074
2013,70,Sucre,6133.847454926351,356178.62508845615,15410428.954708725,801342305.6448537,6133847454926.351,17.22126770915302,7654.4660274616845,43.2660128071458
2014,70,Sucre,6468.790898497221,359468.5955626244,15797989.655402984,821495462.0809551,6468790898497.221,17.995427078609065,7874.408559860975,43.948177533218626
2015,70,Sucre,6577.321279881526,342656.40942775377,14802754.129538681,769743214.7360114,6577321279881.525,19.19509193149442,8544.825279346258,43.19999195187889
2016,70,Sucre,6807.148534631853,362169.8955904667,15392926.935464483,800432200.6441531,6807148534631.854,18.795456545425353,8504.341191113695,42.50195039090286
2017,70,Sucre,6981.911252964909,373982.54245514073,15602148.333133953,811311713.3229655,6981911252964.909,18.669083340440658,8605.7074467327,41.71892150555512
2018,70,Sucre,7108.14543151222,383939.4567426089,15729494.698427346,817933724.3182219,7108145431512.22,18.513714354389695,8690.368449396217,40.968685093942604
2019,70,Sucre,7365.709263754478,378068.90054633934,15397942.819764446,800693026.6277512,7365709263754.479,19.482452148564583,9199.16749465942,40.72787472736638
2021,70,Sucre,7676.9808021355675,370640.523743852,14838826.957923029,771619001.8119975,7676980802135.567,20.712740000985686,9949.18578224184,40.035630232861635
2022,70,Sucre,8040.84066299972,381737.3677641551,15088898.04709816,784622698.4491043,8040840662999.72,21.063802870793385,10248.03472916773,39.5269086059722
2023,70,Sucre,8050.415425419876,363495.05420266534,15048285.337080035,782510837.5281619,8050415425419.876,22.147248861689867,10287.928344673115,41.39887231777828
2024,70,Sucre,8123.3195009249675,369316.4532408935,15072425.28618481,783766114.8816102,8123319500924.968,21.995552674785333,10364.468872390606,40.811681022923565
2010,73,Tolima,14820.06576174138,491270.9001795661,22650443.996765215,1177823087.8317912,14820065761741.38,30.16678935455865,12582.590641030025,46.10581247227583
2011,73,Tolima,15312.309938881068,488669.0178810458,22363063.861034255,1162879320.7737813,15312309938881.068,31.334726325147273,13167.582968705849,45.7632119957275
2012,73,Tolima,15830.125242105936,505362.92441389087,22363581.912898835,1162906259.4707394,15830125242105.936,31.32427108788279,13612.554849700891,44.25251800740159
2013,73,Tolima,16616.43736922518,512220.77487402677,23289020.19101728,1211029049.9328985,16616437369225.18,32.439991082579084,13720.923845836625,45.46676225060351
2014,73,Tolima,17182.19853385976,510845.0993601897,23209978.410717398,1206918877.3573046,17182198533859.758,33.634850476944344,14236.415434550388,45.43447405052303
2015,73,Tolima,17380.832886711047,521432.5450529015,23704463.790729564,1232632117.1179373,17380832886711.047,33.33285014833067,14100.584144561975,45.46026905229831
2016,73,Tolima,17707.73831455761,507058.8880885709,23045358.370903693,1198358635.286992,17707738314557.61,34.92244930625197,14776.660169279645,45.44907684741782
2017,73,Tolima,17935.71543775977,506030.627129417,22403525.88692794,1164983346.1202528,17935715437759.77,35.44393259258737,15395.683979081015,44.273063102953756
2018,73,Tolima,18119.89221676847,482353.85534259904,21426092.54163407,1114156812.1649718,18119892216768.47,37.56555901040439,16263.32309682587,44.41986376664466
2019,73,Tolima,18511.822141456196,458227.23584269657,21555976.060864415,1120910755.1649497,18511822141456.195,40.39878185636932,16514.983067257708,47.042110059700384
2021,73,Tolima,18732.550985507864,403813.9782703235,18273586.050669786,950226474.6348288,18732550985507.863,46.389060293915364,19713.77506894529,45.25248513917707
2022,73,Tolima,19647.318023103704,480780.9814020793,21621470.23064931,1124316451.9937642,19647318023103.703,40.86542268333315,17474.900405720182,44.97155891565349
2023,73,Tolima,19826.489814651715,504770.6328410592,22872388.994081985,1189364227.6922631,19826489814651.715,39.278215737433015,16669.82187039649,45.312439959802454
2024,73,Tolima,20323.273624119254,507517.6378363845,23076489.06903149,1199977431.5896373,20323273624119.254,40.044467638129944,16936.379876075298,45.46933416424627
2010,76,Valle del Cauca,63805.174121525146,1576468.7412397896,73798525.43386418,3837523322.560937,63805174121525.15,40.4734787645371,16626.654422244745,46.8125523223673
2011,76,Valle del Cauca,66669.53011067327,1555952.5800445396,74066599.59706618,3851463179.0474415,66669530110673.266,42.84804753417667,17310.182393373478,47.602093114525374
2012,76,Valle del Cauca,69200.5085499362,1561964.8729592185,72903163.71057941,3790964512.9501295,69200508549936.2,44.30349859202177,18254.06392318992,46.67400975059114
2013,76,Valle del Cauca,72245.75549664536,1575261.7149835946,72406520.4221683,3765139061.9527516,72245755496645.36,45.862700025943155,19188.070960432422,45.9647560360612
2014,76,Valle del Cauca,75900.94881265119,1598280.4001437454,73829571.33746044,3839137709.547943,75900948812651.19,47.48913194820186,19770.311605099596,46.19312814623792
2015,76,Valle del Cauca,78074.26193077292,1616361.4142583576,73100758.73304835,3801239454.118514,78074261930772.92,48.30247817230659,20539.15910142996,45.22550345993597
2016,76,Valle del Cauca,80021.62159860555,1593835.6329634972,72089335.4542809,3748645443.6226068,80021621598605.55,50.20694728089207,21346.80988161805,45.23009397163598
2017,76,Valle del Cauca,81446.8440557551,1555365.5267627519,69580690.31863718,3618195896.5691333,81446844055755.1,52.36508245445935,22510.346698747046,44.73590877602798
2018,76,Valle del Cauca,84172.2818451948,1552833.041336818,70007907.83940053,3640411207.6488276,84172281845194.8,54.205622629417874,23121.641222382063,45.08398905469673
2019,76,Valle del Cauca,87022.56078663413,1650313.7784424024,74563361.47568819,3877294796.735786,87022560786634.12,52.73091815834422,22444.143494040385,45.1813239698347
2021,76,Valle del Cauca,89970.37691835914,1414556.5466411312,64754859.189107575,3367252677.833594,89970376918359.14,63.60323815403073,26719.223511389064,45.777497790999014
2022,76,Valle del Cauca,97055.23871654722,1889224.5507014592,86119172.77106921,4478196984.095599,97055238716547.22,51.37305604064436,21672.838211726892,45.58440273237696
2023,76,Valle del Cauca,97519.9390744033,1927816.0064535756,86786305.61940631,4512887892.209128,97519939074403.3,50.58570877508258,21609.209314230444,45.01794016072054
2024,76,Valle del Cauca,99509.13857737576,1825807.5991241753,81603377.27725965,4243375618.4175014,99509138577375.77,54.5014374050746,23450.46668635149,44.69440116056265
