depto,departamento,ocupados_inicio,ocupados_fin,horas_sem_inicio,horas_sem_fin,rem_trabajador_inicio,rem_trabajador_fin,rem_hora_inicio,rem_hora_fin,crec_ocupados,crec_rem_trabajador,crec_rem_hora,share_ocupados_remuneracion_valida_fin,ranking_rem_trabajador,ranking_rem_hora,ranking_crec_rem_trabajador,ranking_crec_rem_hora,rem_trabajador_rel_lider,rem_hora_rel_lider
5,Antioquia,2052984.8756921368,3311770.0767034027,45.74927149385575,44.8259338750056,1621089.6489894825,2181376.201858106,8177.127177981566,11229.98373050713,0.03033784427382802,0.018726775804759566,0.02002578051114101,0.9996946459625347,2,2,7,11,0.7539241898275097,0.7523286274643344
8,Atlántico,750421.8888382016,1256860.111565948,48.62887340451834,43.9597980067367,1243572.3591452816,1614456.3893099767,5901.395953359054,8475.172224732205,0.032758648757030384,0.01644691855608582,0.02287982104663966,0.9997502091698139,10,11,10,8,0.5579861576767792,0.5677759505595198
11,Bogotá D.C.,2894592.734262623,4160820.0668823733,48.646978793915885,44.73106681283916,2180701.7659916873,2893362.79600895,10344.709610989103,14926.965850491328,0.022938364359947228,0.017830389680477232,0.02318302685326845,0.9996508496484138,1,1,9,6,1.0,1.0
13,Bolívar,562658.6924622254,885761.33413306,49.993227938075115,43.710940975459465,1137406.1239379232,1363169.477568969,5250.2778299990905,7196.769612516412,0.02876689461715598,0.011380656648602772,0.01990496774235684,1.0,17,16,16,12,0.47113672694253866,0.48213211476460416
15,Boyacá,390103.80984147574,522604.17780840414,42.071214553143065,40.14901986976799,1137605.999601023,1562260.2498001559,6240.001964164288,8979.586482488437,0.018443739460491493,0.020023304717800006,0.023009050001226994,0.9999665017641903,13,9,4,7,0.5399462009932208,0.6015680998019347
17,Caldas,310877.6970847659,466839.7189306313,49.33129136360557,43.62012617265772,1317617.6345536788,1784760.5984841345,6163.747178900163,9442.151285605076,0.025737278801897467,0.019147188381943847,0.027014637974593247,0.9998901696812273,8,6,6,4,0.6168464600934247,0.632556634762736
18,Caquetá,157539.39235874632,153617.57973122044,51.670879097167926,46.314754451059976,1256931.0667875113,1564997.690098144,5613.626485182072,7797.8026091274305,-0.0015743389055260515,0.013794988449365553,0.02075271869233508,0.9992786670343241,12,13,13,10,0.5408923112776843,0.5223970287887248
19,Cauca,455294.25242090295,627653.8564868355,39.95084555598029,38.79690332407056,914694.0625375746,1152411.587682422,5283.573908472169,6854.700061951181,0.020267968493205446,0.014543644880831152,0.01640382755687364,0.9999337079135951,20,18,11,14,0.39829488001713326,0.45921590031141896
20,Cesar,295464.0705555937,515871.15542724985,50.734808431375754,44.59242259757599,1277811.965452238,1379014.268439537,5812.17695409234,7136.505339023326,0.03544559658613422,0.004775097894833102,0.01291189893970457,0.9998358955970452,16,17,21,19,0.47661298138682195,0.4780948392662414
23,Córdoba,475486.5324446113,791370.3113817273,44.501657656989735,39.86186782861398,953145.1535161631,1083436.288609747,4942.660239394419,6272.253974272312,0.03235150632679229,0.008040012040436917,0.015000905851175528,1.0,22,22,18,16,0.374455733689608,0.420196176309056
25,Cundinamarca,851102.2560682287,1706608.0129832893,45.6257005063871,43.971877228199176,1265458.2183892643,1985225.1826550474,6400.533392082625,10418.679328323347,0.04444242012373678,0.028543402555652353,0.030919564157440016,0.9992984687778147,3,3,1,1,0.6861307491039248,0.6979770324844959
27,Chocó,183515.6630472161,137366.38913717508,49.35428583990795,44.167617256392276,1121585.393787425,1217817.226190146,5244.274011093898,6362.913871355486,-0.01794014292486501,0.005158062415234088,0.012157661489211602,1.0,19,21,20,22,0.4209002852563046,0.426269741291466
41,Huila,364681.4185772146,467605.97177084093,43.53035836468116,43.999819249357145,1132732.853326648,1404532.3448039342,6005.002004332593,7366.458643023708,0.015658952239544943,0.013532701035679162,0.012853422375370904,0.9999653404828732,15,15,14,20,0.48543250322473197,0.49350006671189894
44,La Guajira,264207.11939930456,348363.9258438963,46.3871873517265,43.72991394704819,1253093.7493433368,1015443.427396074,6233.951595837168,5358.645318022194,0.017432347731529685,-0.013057137556982679,-0.009411631529663733,1.0,23,24,24,24,0.35095613615988897,0.358990927673745
47,Magdalena,338790.2650158678,594008.2057770757,50.062966561386546,43.69173100813589,1110458.1381949882,1226093.97537865,5118.745211362326,6475.933935788256,0.035717573340801945,0.006210506928109094,0.014807529931104124,0.9992410014851516,18,20,19,17,0.42376088372667986,0.4338412776348047
50,Meta,303870.3348576224,524442.8747610816,49.64604053369554,46.76763147524772,1431244.8272640759,1795703.881276685,6652.842085281711,8860.683988045554,0.03469682824812548,0.014279270133506827,0.01807260676434863,0.9995221659422897,7,10,12,13,0.6206286621759446,0.5936024827010574
52,Nariño,551087.7351483845,849082.5809281862,42.41690534671133,37.15201473550702,1050874.3697177381,1102229.1895350565,5717.283426327681,6846.48151685027,0.02738465331488671,0.0029864577553331273,0.011328758949876283,0.999942513709612,21,19,23,23,0.38095090980483004,0.4586653165435436
54,Norte de Santander,486266.7765832507,673286.7145479275,48.288491878793444,45.61940945784548,1312222.5667194594,1504874.775915164,6271.071647463546,7612.52279608887,0.020546600596698994,0.008598467143279498,0.012189150167739804,0.9999296455576363,14,14,17,21,0.5201127138259191,0.5099846058694038
63,Quindío,201908.8030565862,256407.09811340953,48.4030630110098,42.82034478425123,1200209.1637634123,1707516.2324869868,5722.18632983752,9202.219400202508,0.015046467958523602,0.022278539705221867,0.030138602287366867,0.9998994255032433,9,8,3,2,0.5901493704288665,0.6164829136994115
66,Risaralda,376312.49513736874,449847.63761151687,48.89077534260024,44.9518557772631,1273161.5948071717,1821781.652712492,6009.446972762043,9352.475962485312,0.01121802034347974,0.022647120066484616,0.028029922821441122,0.9999058247978169,6,7,2,3,0.6296416250410848,0.6265490291972143
68,Santander,807653.4740548292,1045570.2664773326,47.83607812878247,45.4180536549711,1599603.6675769635,1936101.5685946438,7716.755268034169,9837.336339197896,0.016267436283434744,0.012004011699556338,0.01529015407227341,0.9997015829975002,4,5,15,15,0.669152714365881,0.6590312081992267
70,Sucre,245021.32790444238,403195.9914862028,45.78688115552529,38.748169244439225,944557.3486715591,1007487.3901417025,4760.638140649069,6000.208385743706,0.03161944552923557,0.004039284388992481,0.014568379136605136,1.0,24,23,22,18,0.3482063816993194,0.40197106671522304
73,Tolima,450371.8240781985,580409.6244525462,47.0862645719781,44.344418426153204,1158113.6093931186,1577036.976603991,5675.901225387857,8206.931625264,0.015980124662885453,0.01948459903955846,0.023314490962987877,0.9997703084779094,11,12,5,5,0.5450533126296245,0.5498057480310954
76,Valle del Cauca,1410107.6795825013,2011697.4232403866,46.28695748337219,44.01473125744488,1419244.7653195777,1906583.3160043794,7075.816613863888,9996.216099975829,0.022455460993751508,0.018620484135635218,0.02183010046350331,0.999689835127728,5,4,8,9,0.6589506572194418,0.6696750163494746
