anio,depto,departamento,pib_miles_millones_2015,ocupados,ocupados_horas_validas,horas_sem_expandidas_validas,horas_semanales_promedio,share_ocupados_sin_horas_validas,horas_sem_expandidas,horas_anuales,pib_pesos_2015,pib_por_trabajador_millones_2015,pib_por_hora_pesos_2015,horas_semanales_por_trabajador
2010,5,Antioquia,88492.49504848177,2216839.4908533823,2215257.378703288,104170433.12936671,47.02407680968584,0.0007136791619881677,104244830.4926343,5420731185.616983,88492495048481.77,39.91831407442862,16324.826304481214,47.02407680968584
2011,5,Antioquia,95753.27358456491,2245733.208314709,2243692.28214282,105190727.22930008,46.88286716788032,0.000908801706423823,105286411.6999162,5474893408.395642,95753273584564.92,42.63786688019907,17489.522889656473,46.88286716788032
2012,5,Antioquia,99628.81171930865,2318398.850361033,2315427.3702845154,108796797.46772818,46.9877824128681,0.0012816949404779177,108936420.72700776,5664693877.804403,99628811719308.66,42.97311125037608,17587.67796962121,46.9877824128681
2013,5,Antioquia,104011.82362270335,2372681.6741701514,2367486.4438017597,108954645.10928816,46.02123293864631,0.0021896027709695787,109193736.01624183,5678074272.844575,104011823622703.34,43.83724321514037,18318.151300017424,46.0212329386463
2014,5,Antioquia,111128.94804581454,2310905.774353146,2308592.3108853507,107280822.70321946,46.47023304954048,0.0010011067926137818,107388329.88971952,5584193154.265415,111128948045814.55,48.0889135676339,19900.62753487137,46.47023304954049
2015,5,Antioquia,115446.2569833156,2323629.1324160295,2322354.299978315,108268782.57177019,46.62026916942912,0.000548638515471267,108328215.60316236,5633067211.364443,115446256983315.6,49.683598545383425,20494.386566240202,46.62026916942913
2016,5,Antioquia,119046.3841149867,2282716.292283985,2279894.4421691163,106854257.36325385,46.86807221723456,0.0012361808273796404,106986512.03822371,5563298625.987633,119046384114986.69,52.15119571248784,21398.524889332686,46.86807221723456
2017,5,Antioquia,120973.26658047568,2241280.3112188047,2239953.1196739688,103588615.55934516,46.24588552747156,0.0005921577672335365,103649992.70760067,5389799620.795235,120973266580475.69,53.9750721830464,22444.854185994165,46.24588552747155
2018,5,Antioquia,125172.9567513896,2236932.926586854,2236333.943726874,102930577.9082719,46.02647927291977,0.0002677697005845081,102958146.9804616,5353823642.984003,125172956751389.61,55.957402773976064,23380.104594110857,46.02647927291977
2019,5,Antioquia,129671.98068228063,2393451.1005892884,2392748.195739815,109645550.10359995,45.824107316774544,0.00029367838319338535,109677760.0908557,5703243524.724497,129671980682280.62,54.17782742682909,22736.532311855754,45.824107316774544
2021,5,Antioquia,137020.32961372682,2211451.4605565486,2210748.3270843267,100614504.86358164,45.51151464458116,0.000317951121588278,100646505.53289975,5233618287.710787,137020329613726.81,61.95945606657963,26180.803046998724,45.51151464458116
2022,5,Antioquia,146040.20836687976,2937648.98824056,2935540.4544092813,134199986.55771065,45.71559773810568,0.0007177623465973726,134296379.44215858,6983411730.992247,146040208366879.75,49.71329418575203,20912.444231056306,45.715597738105686
2023,5,Antioquia,146272.28860791906,3075272.3299899073,3073990.615260866,140164661.79696646,45.59697127932571,0.0004167808868639211,140223104.10665485,7291601413.546052,146272288607919.06,47.56401154508457,20060.37910083512,45.5969712793257
2024,5,Antioquia,149162.56286814398,3130339.2561002993,3130021.9262336837,141036645.1965399,45.05931540430055,0.00010137235636586972,141050943.86308694,7334649080.880521,149162562868144.0,47.6506061052204,20336.7006687438,45.059315404300555
2010,8,Atlántico,26632.75430434173,760919.0698676498,760494.4607617614,36089875.663816236,47.45580346195584,0.0005580213753378915,36110025.830093436,1877721343.1648586,26632754304341.73,35.000771250185764,14183.549865526267,47.45580346195584
2011,8,Atlántico,28126.179779351547,840843.0737257728,840536.8432707902,39697413.291807234,47.2286415635658,0.000364194538257534,39711876.14020146,2065017559.2904758,28126179779351.547,33.449974981329795,13620.310225844029,47.22864156356581
2012,8,Atlántico,30066.027063020214,841100.2026149115,840919.0219038634,39843969.70644728,47.38145846224224,0.0002154091872582642,39852554.31278196,2072332824.2646618,30066027063020.215,35.74607040819561,14508.300361303558,47.381458462242236
2013,8,Atlántico,31663.831737896304,815295.2415627048,815198.702988944,38137221.76113443,46.78273115659221,0.00011840934282369986,38141738.09927692,1983370381.1624,31663831737896.305,38.83725811671013,15964.658965683951,46.78273115659221
2014,8,Atlántico,33772.29157519511,757054.86887733,756959.0109974301,35583657.48684918,47.00869792138585,0.00012661946160130721,35588163.640968785,1850584509.3303769,33772291575195.11,44.61009758153663,18249.52678730431,47.00869792138586
2015,8,Atlántico,35716.29568989337,845442.316008528,844713.0913764063,38816675.205754064,45.952496299666386,0.0008625362349551358,38850184.89796326,2020209614.6940897,35716295689893.37,42.24569200476724,17679.49990442042,45.952496299666386
2016,8,Atlántico,36347.380065247504,934004.403009619,933421.3840880989,41963905.23556473,44.95708578238879,0.0006242143180925641,41990116.067232266,2183486035.496078,36347380065247.5,38.915641027093926,16646.49073745486,44.957085782388795
2017,8,Atlántico,36779.304586598766,937428.5944082356,936913.7556343799,42243521.96883298,45.08795149477775,0.0005492031893700178,42266734.99449621,2197870219.713803,36779304586598.766,39.2342465399364,16734.06566807571,45.08795149477775
2018,8,Atlántico,37609.64597709261,966033.1301276636,965775.8092112031,43322668.33876341,44.85789344231678,0.00026636862487983137,43334211.213014476,2253378983.0767527,37609645977092.61,38.93204570750322,16690.33316612396,44.85789344231678
2019,8,Atlántico,38689.99370682553,1069738.2888898475,1068225.3857145675,48783007.0166395,45.667335441581095,0.0014142741182519014,48852097.273435645,2540309058.2186537,38689993706825.53,36.16771887914493,15230.427802338429,45.667335441581095
2021,8,Atlántico,40607.357145230155,990511.3807259536,989412.2459330023,43582290.70104234,44.048667155867705,0.001109663971902819,43630706.12369648,2268796718.432217,40607357145230.16,40.99635595854406,17898.19106107075,44.048667155867705
2022,8,Atlántico,44372.49262887849,1166496.5446337063,1164606.2179608345,51114007.70805422,43.889519839205576,0.0016205163072003925,51196973.23806581,2662242608.379422,44372492628878.49,38.03911193137051,16667.336210913254,43.889519839205576
2023,8,Atlántico,44673.47437505063,1233057.3922895016,1231657.257106489,55913471.74797009,45.396940930893905,0.0011354987949204753,55977033.602168575,2910805747.312766,44673474375050.63,36.22984189900711,15347.459862717686,45.396940930893905
2024,8,Atlántico,45132.440414469056,1209186.9753406516,1208997.0785044276,54377998.03449156,44.97777455488898,0.00015704505597280427,54386539.17157993,2828100036.9221563,45132440414469.055,37.32461673411125,15958.572831669366,44.97777455488899
2010,11,Bogotá D.C.,167408.94535518353,3269608.6969012227,3263993.469105084,157685767.85210717,48.31068730518667,0.0017174005566661377,157957043.36631382,8213766255.048319,167408945355183.53,51.20152314062709,20381.50833088185,48.31068730518667
2011,11,Bogotá D.C.,176869.71708896477,3418873.258181581,3411285.5908781956,162073252.03800288,47.510901013796094,0.002219347349372347,162433748.94817963,8446554945.305341,176869717088964.78,51.73333543900884,20939.86462341908,47.5109010137961
2012,11,Bogotá D.C.,183103.76718077803,3509967.2281839694,3505226.159496873,167046341.33113748,47.65636616015518,0.0013507444311806616,167272283.4364802,8698158738.69697,183103767180778.03,52.166802501889606,21050.865209687807,47.65636616015518
2013,11,Bogotá D.C.,190160.1686253778,3548110.034808426,3542637.1292612264,167875778.16945717,47.38723500153277,0.0015424847294780442,168135124.0307635,8743026449.599703,190160168625377.78,53.59477771541128,21749.924894037602,47.38723500153277
2014,11,Bogotá D.C.,198995.5951380746,3620902.1725722044,3615591.7681449205,170456716.40212783,47.144901120732825,0.001466597045208684,170707074.89376324,8876767894.475689,198995595138074.6,54.957462437244686,22417.573322145356,47.144901120732825
2015,11,Bogotá D.C.,206478.40891632767,3617817.5869811964,3612144.9615248144,170698855.60950276,47.25692280562426,0.0015679688983754048,170966926.43280023,8890280174.505611,206478408916327.66,57.072642263486465,23225.1858055542,47.25692280562426
2016,11,Bogotá D.C.,210682.96893131113,3535659.2854017583,3533192.6754986467,165830857.31327367,46.9351299359494,0.0006976378955110274,165946627.96957752,8629224654.418032,210682968931311.12,59.588029254173776,24415.052031754054,46.9351299359494
2017,11,Bogotá D.C.,214483.69005150103,3329229.5413709898,3327453.192911413,156504099.396453,47.03420012935389,0.0005335614253997312,156587648.5254002,8142557723.32081,214483690051501.03,64.42442234342778,26341.070869808624,47.03420012935389
2018,11,Bogotá D.C.,221651.98815448463,3406080.6571038486,3403189.430188113,160744807.5323053,47.23357627595242,0.0008488427629291806,160881370.51936078,8365831267.006761,221651988154484.62,65.07537855634716,26494.914979774658,47.23357627595242
2019,11,Bogotá D.C.,229313.76178465533,3568694.8330839546,3567192.9723888845,167599753.34547457,46.983652031932564,0.0004208431276182534,167670316.24577218,8718856444.780153,229313761784655.34,64.25703864022734,26300.898889319596,46.98365203193256
2021,11,Bogotá D.C.,237631.21138542914,3134441.084553535,3129469.8939425983,147266139.4239826,47.05785465743924,0.0015859894880253522,147500072.9892265,7670003795.439777,237631211385429.12,75.81294558588806,30981.889673472317,47.05785465743924
2022,11,Bogotá D.C.,260391.4394270662,3588029.8763249717,3585460.633995056,170640626.99749246,47.59238614408052,0.0007160593469046628,170762903.37055552,8879670975.268887,260391439427066.2,72.57226065624941,29324.446835056435,47.592386144080514
2023,11,Bogotá D.C.,261972.88307518672,3808991.2263876526,3803993.5766082336,176621975.2523889,46.43067126571515,0.0013120664980261765,176854019.48639828,9196409013.292711,261972883075186.72,68.77749711270272,28486.43233424316,46.430671265715155
2024,11,Bogotá D.C.,267051.3678142882,3964950.027902832,3962574.062326514,179756511.67696062,45.36357146885013,0.0005992422501158723,179864293.96118945,9352943285.981852,267051367814288.2,67.35302234200888,28552.655527650164,45.36357146885014
2010,13,Bolívar,23076.789357966394,646900.0423447139,646623.322603664,31021566.85549824,47.97471073358167,0.00042776274994038577,31034842.405029383,1613811805.061528,23076789357966.395,35.6728827444866,14299.554189397302,47.974710733581674
2011,13,Bolívar,25158.94834859299,697368.9541956572,697268.2972725306,32370583.033742163,46.42485992890333,0.00014433811904146499,32375256.017299186,1683513312.8995576,25158948348592.99,36.076954956521156,14944.312085813623,46.42485992890333
2012,13,Bolívar,25784.44706444199,677643.5845057556,677052.8210990198,30675484.893423982,45.30737327647535,0.0008717907469995012,30702250.831611037,1596517043.243774,25784447064441.99,38.05016037043731,16150.436460141775,45.30737327647535
2013,13,Bolívar,28346.01323410931,659618.8900563533,659618.8900563533,30200197.35984132,45.78431244936182,0.0,30200197.35984132,1570410262.7117486,28346013234109.31,42.97331938399705,18050.06876684699,45.78431244936181
2014,13,Bolívar,27792.85110444693,655328.3124304536,654753.235016821,29348971.91853759,44.824477908510985,0.0008775409252498312,29374749.463360652,1527486972.094754,27792851104446.93,42.41057585528389,18195.147724456576,44.824477908510985
2015,13,Bolívar,28105.21128828678,714401.2321527441,714371.5550481892,30790909.277031165,43.102093104692706,4.154122812105587e-05,30792188.422354765,1601193797.962448,28105211288286.78,39.340933390604356,17552.660598642862,43.102093104692706
2016,13,Bolívar,29284.661306104183,683619.3151373923,683379.5176962774,30219664.850882933,44.2209110286999,0.0003507762811919557,30230268.912191384,1571973983.4339519,29284661306104.184,42.83767391829562,18629.227719235092,44.2209110286999
2017,13,Bolívar,30271.190343724826,721236.337314258,721236.337314258,32052893.34473109,44.441595197615456,0.0,32052893.34473109,1666750453.9260166,30271190343724.824,41.97124961347451,18161.801169707975,44.441595197615456
2018,13,Bolívar,30804.08827574953,743474.7918268009,743243.0675328398,32253017.512930106,43.39497927641958,0.00031167740521731435,32263073.18386439,1677679805.5609481,30804088275749.53,41.432592758202915,18361.12479487699,43.394979276419576
2019,13,Bolívar,31919.755993308096,930911.235658458,930911.235658458,39544240.13120447,42.479066334647676,0.0,39544240.13120447,2056300486.8226326,31919755993308.094,34.28872138462311,15522.90445771866,42.47906633464768
2021,13,Bolívar,32660.56437121709,749763.8753457139,748941.0089795777,32199180.658999033,42.9929464042435,0.0010975006841411616,32234558.108576182,1676197021.6459615,32660564371217.09,43.56113363845037,19484.91970182936,42.9929464042435
2022,13,Bolívar,35424.40371121257,818789.4617195129,818696.8532651266,34480924.25350634,42.11683984858318,0.00011310411127163356,34484824.62894836,1793210880.7053146,35424403711212.57,43.26436204591464,19754.733864474027,42.11683984858318
2023,13,Bolívar,35647.24251460941,903077.9337434726,903036.767290132,38252322.132975854,42.35965081218666,4.5584607709203695e-05,38254065.929564536,1989211428.3373559,35647242514609.41,39.47305230551157,17920.288415196,42.35965081218665
2024,13,Bolívar,35907.28967549529,796377.3261698836,796331.6851065172,34931283.72752252,43.86524406956144,5.7310852364378384e-05,34933285.78390668,1816530860.7631476,35907289675495.29,45.088287292392764,19766.958245019952,43.86524406956144
2010,15,Boyacá,17346.016995581424,428967.0211261067,428544.0182718002,17988872.180104043,41.97671980733322,0.0009860964444213804,18006628.45239697,936344679.5246425,17346016995581.424,40.43671457550599,18525.24756629956,41.97671980733322
2011,15,Boyacá,18968.974784455262,460675.91407925356,460665.3500989367,19056681.49260185,41.36773362378799,2.293147958032371e-05,19057118.500525605,990970162.0273315,18968974784455.26,41.17639799416968,19141.822338675105,41.367733623788
2012,15,Boyacá,19556.4165695324,481082.5435644548,480224.01610283856,20486528.172477964,42.660357428044236,0.0017845741299512552,20523153.260852303,1067203969.5643197,19556416569532.402,40.650854684175954,18324.90988345574,42.66035742804423
2013,15,Boyacá,20127.374018803806,491034.68317925814,490267.80157158634,21337362.961916406,43.52185253348895,0.0015617666815438414,21370739.070156142,1111278431.6481194,20127374018803.805,40.989719684334524,18111.90917199141,43.52185253348895
2014,15,Boyacá,20986.058056684422,511818.69847736997,511318.12511744426,22110799.163814574,43.2427447369208,0.0009780286679929029,22132445.329839945,1150887157.1516771,20986058056684.42,41.002913959800004,18234.6791570971,43.2427447369208
2015,15,Boyacá,22164.683372837735,536271.3137202064,535434.7584560397,23273609.673845135,43.46675165608612,0.0015599478151522295,23309972.01375926,1212118544.7154815,22164683372837.734,41.33110014607627,18285.904022729403,43.46675165608612
2016,15,Boyacá,22341.244463173196,525760.6487047566,525490.9889960688,22470548.12591816,42.76105317970783,0.000512894430863442,22482079.059061784,1169068111.0712128,22341244463173.195,42.49318490878352,19110.30183066237,42.76105317970783
2017,15,Boyacá,22574.436274817897,543437.4982666218,543414.7236774118,23514465.882295754,43.271676047288494,4.1908387409250736e-05,23515451.37694216,1222803471.6009924,22574436274817.9,41.54007838403232,18461.213759281887,43.271676047288494
2018,15,Boyacá,23236.7077751753,566618.7979658268,566258.5207800118,24049899.434147846,42.471589480047925,0.0006358369808916464,24065200.978882812,1251390450.9019063,23236707775175.297,41.009419134337854,18568.711115246293,42.47158948004793
2019,15,Boyacá,23732.383798024865,550387.2513943772,550137.6057348934,22888775.491341352,41.60554605381996,0.00045358183506505334,22899162.135324143,1190756431.0368555,23732383798024.863,43.11942861666965,19930.51070684523,41.60554605381996
2021,15,Boyacá,23270.35090533265,405784.0604399958,405532.96424073033,17160351.48411081,42.3155526117087,0.0006187926627605478,17170976.758541428,892890791.4441543,23270350905332.65,57.34663623825039,26061.81083768976,42.3155526117087
2022,15,Boyacá,24835.37666562782,510273.9424686432,509786.22444788617,21261014.440447807,41.70574531211416,0.0009557964461157642,21281355.084005628,1106630464.3682926,24835376665627.82,48.670673923652245,22442.33957521205,41.70574531211416
2023,15,Boyacá,24919.72722798641,518280.7512190068,518280.7512190068,21367849.28327635,41.22832891829136,0.0,21367849.28327635,1111128162.73037,24919727227986.41,48.08152178018325,22427.41032389214,41.22832891829136
2024,15,Boyacá,25177.13652572238,529805.9535491505,529796.1551832374,21422488.13565117,40.43534088736809,1.849425407063343e-05,21422884.335917003,1113989985.4676843,25177136525722.38,47.52142998216927,22600.864329271604,40.43534088736809
2010,17,Caldas,10675.32742860875,392289.33006841835,392000.6324404078,18794652.59136014,47.94546497120082,0.0007359303602781919,18808494.33337119,978041705.3353018,10675327428608.75,27.212892654375505,10915.0022646007,47.94546497120082
2011,17,Caldas,10695.99755916757,392140.8848726636,391956.7351199289,19227263.890361473,49.05455670886332,0.00046960100269699545,19236297.27484992,1000287458.2921959,10695997559167.57,27.27590509375422,10692.923789556444,49.05455670886333
2012,17,Caldas,10777.088071359862,406426.09056768485,406134.9455655842,19425199.76566367,47.829422160686285,0.0007163541142105601,19439125.062879115,1010834503.269714,10777088071359.861,26.51672301920066,10661.575199995212,47.829422160686285
2013,17,Caldas,11462.382399886874,401159.16715693,400872.8196664147,19225951.546417616,47.96022729207843,0.0007138001919405612,19239684.837147247,1000463611.5316569,11462382399886.873,28.573153347391628,11457.070769759004,47.96022729207843
2014,17,Caldas,12106.336467296247,417250.13007695647,417171.1640890213,19739629.293107484,47.31781818192782,0.00018925335726227566,19743365.79136716,1026655021.1510923,12106336467296.246,29.014578054327714,11792.019926735022,47.31781818192782
2015,17,Caldas,12513.501744755558,431007.75488342496,430832.1023065257,20455241.884324152,47.4784533808272,0.0004075392493733121,20463581.597007688,1064106243.0443997,12513501744755.559,29.033124353273173,11759.635681635065,47.4784533808272
2016,17,Caldas,12821.068783831432,434533.5704444661,434472.5175680921,20634002.2527705,47.492076986288694,0.00014050209357019394,20636901.780675486,1073118892.5951252,12821068783831.432,29.505358517449643,11947.482121786357,47.492076986288694
2017,17,Caldas,13043.346698233452,440344.9758737052,440139.80986922537,20178165.510750655,45.84489986658104,0.0004659210748861886,20187571.325682055,1049753708.9354669,13043346698233.451,29.620746035204903,12425.149430012907,45.84489986658104
2018,17,Caldas,13394.76340712194,450151.9054625769,449841.9428183205,20952334.37759888,46.57710271818959,0.0006885734359780571,20966771.539519213,1090272120.054999,13394763407121.94,29.75609620791776,12285.706623816297,46.577102718189586
2019,17,Caldas,13798.051820555198,445288.5637342009,445288.5637342009,20705718.670389853,46.49955187878886,0.0,20705718.670389853,1076697370.8602724,13798051820555.197,30.986764413719488,12815.162546120704,46.499551878788864
2021,17,Caldas,14454.188242439237,371043.28252546693,370818.0485251239,17541879.380944084,47.305894226870606,0.000607028912664842,17552534.276740607,912731782.3905115,14454188242439.236,38.95553139800384,15836.18377414519,47.305894226870606
2022,17,Caldas,15325.480229424333,415216.41125329334,414981.0792652766,19375455.684654873,46.68997371870324,0.0005667694764434072,19386443.328990545,1008095053.1075083,15325480229424.332,36.909620655806336,15202.415865629633,46.68997371870325
2023,17,Caldas,15401.145917755233,430648.076310808,430636.7152490007,19470004.42313247,45.2121329503329,2.6381313263157402e-05,19470518.08096936,1012466940.2104067,15401145917755.232,35.76271848162139,15211.504994478764,45.2121329503329
2024,17,Caldas,15746.930873762623,429957.62929398025,429900.7398882837,19455043.995043352,45.25473484902362,0.00013231398124036176,19457618.510013867,1011796162.5207211,15746930873762.623,36.624378312858774,15563.3431486158,45.25473484902362
2010,18,Caquetá,2573.310348401396,172190.04403764955,172141.48263309392,8388391.47154257,48.72963415460856,0.00028202213912564833,8390757.8510206,436319408.25307125,2573310348401.396,14.944594286988734,5897.767323036065,48.72963415460857
2011,18,Caquetá,2663.5524647288967,178113.07661708834,177991.6162788748,8689322.980637332,48.81872057964248,0.0006819282476079325,8695252.518950088,452153130.98540455,2663552464728.8965,14.954278008767789,5890.819464025509,48.81872057964247
2012,18,Caquetá,2982.219938010385,180928.50610079736,180909.75283894222,8744662.360480923,48.33715276956902,0.00010365012268820362,8745568.839764142,454769579.6677354,2982219938010.385,16.482863879663913,6557.650448363895,48.337152769569016
2013,18,Caquetá,3155.6540053273006,177713.73870010916,177571.179369197,8557136.143624907,48.18989305597472,0.0008021851993825768,8564006.062535696,445328315.2518562,3155654005327.301,17.756950185221456,7086.129260706486,48.18989305597472
2014,18,Caquetá,3323.447940373748,188742.1580393684,188667.38600522344,8930008.236004498,47.332018665681105,0.0003961596864298089,8933547.347320318,464544462.06065655,3323447940373.748,17.60840278026562,7154.2085027370285,47.332018665681105
2015,18,Caquetá,3349.8674772843992,188419.35728416714,188325.23954339506,8983600.31786778,47.702582721514204,0.0004995120571934519,8988089.977182522,467380678.81349117,3349867477284.3994,17.778786243455087,7167.321263233408,47.702582721514204
2016,18,Caquetá,3426.8095046940543,202724.91575901207,202610.82700985824,9277271.709403511,45.7886276183657,0.0005627761576650903,9282495.67665396,482689775.18600595,3426809504694.054,16.90374116996873,7099.403552464982,45.7886276183657
2017,18,Caquetá,3453.8970974461545,206916.49401315025,206885.4748160598,9619180.282809634,46.49519397803045,0.00014991166962485813,9620622.526395397,500272371.3725607,3453897097446.1543,16.692227045112446,6904.033272854845,46.49519397803045
2018,18,Caquetá,3525.1160766339985,213114.93259362754,213075.83661347232,9756215.16976931,45.78752487766811,0.0001834502147710637,9758005.277933285,507416274.4525308,3525116076633.9985,16.540915428745535,6947.187652657317,45.78752487766811
2019,18,Caquetá,3595.8663305674672,207086.71687910456,207079.58887015155,9220647.443853691,44.52707045712488,3.442040639023425e-05,9220964.83321056,479490171.3269491,3595866330567.4673,17.36406074111795,7499.353575102919,44.52707045712487
2021,18,Caquetá,3662.685910575827,142593.7691457844,142428.5813856376,6667350.35270786,46.81188486077409,0.0011584500580661405,6675083.103116261,347104321.3620456,3662685910575.827,25.686156783128343,10552.118441520292,46.81188486077409
2022,18,Caquetá,3764.622416903448,150180.76345014572,149719.92604557672,7051542.450990994,47.09822291018506,0.003068551484105231,7073247.073796736,367808847.8374303,3764622416903.448,25.067274465901612,10235.268778981066,47.09822291018506
2023,18,Caquetá,3815.593053795733,155221.94692061108,154839.46535617486,7137730.179762086,46.097615768326726,0.0024640946207938885,7155361.6679579355,372078806.73381263,3815593053795.733,24.58153070162967,10254.79813615246,46.09761576832672
2024,18,Caquetá,3896.2083901751707,156651.94694931235,156440.18067859873,7156454.95222333,45.74563210794312,0.0013518266120378097,7166142.334136265,372639401.3750858,3896208390175.171,24.871752097890372,10455.706980522395,45.745632107943116
2010,19,Cauca,10527.986557692253,482915.1096216211,482631.8723252806,19639465.643271714,40.692434067088,0.0005865157057570736,19650991.258278392,1021851545.4304764,10527986557692.254,21.800905268715358,10302.853290941708,40.69243406708801
2011,19,Cauca,10924.12890903399,488992.89351547667,488933.15434540453,19970273.3859267,40.8445882805051,0.00012216776739359947,19972713.407732517,1038581097.2020909,10924128909033.99,22.340056581391284,10518.320561064798,40.8445882805051
2012,19,Cauca,11911.127648817639,497557.1407939269,497376.5358022742,20073025.220729034,40.357804954250625,0.00036298341807439183,20080314.04175592,1044176330.1713078,11911127648817.639,23.9392155638881,11407.199440025131,40.357804954250625
2013,19,Cauca,13290.91160137233,498471.5495433232,498394.98953592294,20120626.833376,40.37084492384481,0.00015358952275290605,20123717.625562124,1046433316.5292305,13290911601372.33,26.66333036168033,12701.154857583388,40.37084492384481
2014,19,Cauca,13898.553682667705,510662.2042522689,510628.5640182909,20137845.074194103,39.437365030509255,6.587570745963944e-05,20139171.756381202,1047236931.3318225,13898553682667.705,27.216726765628756,13271.64203901044,39.437365030509255
2015,19,Cauca,14622.036080438851,518882.58847436414,518861.24966050364,20373529.894039344,39.26585365041224,4.1124551747317994e-05,20374367.780781463,1059467124.600636,14622036080438.852,28.179854952217706,13801.311754671575,39.26585365041224
2016,19,Cauca,14975.410181087638,536745.5522223647,536735.0494183428,20636135.083864003,38.44752658919384,1.956756600673959e-05,20636538.8907009,1073100022.3164468,14975410181087.639,27.900389894397442,13955.27897647507,38.44752658919384
2017,19,Cauca,14876.340419595921,548289.2133049099,548038.7056579316,20965730.33878903,38.255929959580584,0.0004568896139106604,20975313.74178617,1090716314.572881,14876340419595.922,27.13228722835191,13639.055564527263,38.255929959580584
2018,19,Cauca,15139.076982949136,570582.5931866079,570497.9238137626,22189561.49223731,38.895078432364336,0.00014839108983755178,22192854.714134946,1154028445.1350172,15139076982949.137,26.532665320895852,13118.460854903728,38.89507843236433
2019,19,Cauca,15614.343442382113,555847.7722853567,555443.2658411845,21648831.98204997,38.975775409328534,0.00072772882134442,21664597.93436965,1126559092.5872219,15614343442382.113,28.09104258560588,13860.208084178415,38.975775409328534
2021,19,Cauca,16097.326233148051,514765.261823874,514504.7537175401,21248141.796158116,41.29824193582323,0.0005060716517872876,21258900.32295974,1105462816.7939065,16097326233148.05,31.271197625327954,14561.617078929852,41.298241935823235
2022,19,Cauca,16946.403871795344,593729.7026402155,593328.1721200943,23723439.41041215,39.98367265394292,0.0006762850474477666,23739494.075289246,1234453691.9150407,16946403871795.344,28.542287502945452,13727.85709402022,39.98367265394292
2023,19,Cauca,17012.028145833985,639628.0630046007,639531.0857444224,24858048.38173567,38.869179209327385,0.00015161508036831695,24861817.80824077,1292814526.02852,17012028145833.984,26.596750720913292,13158.908569889236,38.869179209327385
2024,19,Cauca,17418.488066932117,653618.4184819818,653264.1590091127,24448250.305248104,37.424753781581735,0.0005419973838740599,24461508.378795024,1271998435.6973412,17418488066932.117,26.649322562522446,13693.796767433027,37.424753781581735
2010,20,Cesar,11558.931327489556,353503.7225172694,352512.5327555521,17340979.16738229,49.192518154829116,0.0028039019070551507,17389738.287730448,904266390.9619833,11558931327489.557,32.69818842409751,12782.661661452274,49.192518154829116
2011,20,Cesar,12872.709612456101,371646.07300841936,371434.9856247368,18311221.181019355,49.298590304358946,0.0005679795886818217,18321627.49146594,952724629.5562289,12872709612456.102,34.63701232802877,13511.469330284976,49.298590304358946
2012,20,Cesar,13696.899076784619,384693.74924318935,384132.6425358314,18557571.993980117,48.31032289126299,0.001458580256273545,18584679.240189034,966403320.4898298,13696899076784.62,35.60468321549446,14173.06706877024,48.310322891262985
2013,20,Cesar,13588.262504157838,377634.64872438216,377270.7235627087,18613877.262225956,49.33824996132258,0.0009636964269639225,18631832.692819815,968855300.0266304,13588262504157.838,35.98256290850916,14025.06907252749,49.33824996132258
2014,20,Cesar,14390.724653960997,375681.4254301906,375421.95952125196,17957624.11009072,47.83317452444913,0.000690654079161579,17970035.188196126,934441829.7861986,14390724653960.996,38.30565920974736,15400.3429590193,47.83317452444913
2015,20,Cesar,14570.402494107215,390228.7216468001,390201.4541065588,18652368.69722097,47.80189438281093,6.987579009110068e-05,18653672.137299664,969990951.1395825,14570402494107.215,37.338108872711395,15021.173627433687,47.80189438281093
2016,20,Cesar,15676.321843809406,392542.4653051769,392133.4165080425,18285894.30246745,46.63181849000215,0.001042049799163558,18304968.991728976,951858387.5699067,15676321843809.406,39.93535280729961,16469.17445759031,46.631818490002146
2017,20,Cesar,16122.610931878282,416587.6666263348,416238.26613565156,18665583.86263439,44.843507628275816,0.0008387201990706084,18681252.206203666,971425114.7225906,16122610931878.281,38.70160406438466,16596.86442889878,44.84350762827581
2018,20,Cesar,16090.234940349326,389292.3896747871,388948.9531631219,17445551.17776386,44.853061143083586,0.0008822071038998569,17460955.35662035,907969678.5442581,16090234940349.326,41.332004855761575,17721.11483518557,44.853061143083586
2019,20,Cesar,16646.45002566045,438458.24496114114,438143.165915997,20475649.574220277,46.73278317924505,0.0007186067288392772,20490374.09492132,1065499452.9359087,16646450025660.451,37.965872958178174,15623.142724092753,46.73278317924505
2021,20,Cesar,14778.482104742114,416789.94119099126,416552.9103810342,18527623.508406464,44.478439705195335,0.0005687056872816232,18538166.268995415,963984645.9877616,14778482104742.113,35.457866527469704,15330.619804218059,44.47843970519534
2022,20,Cesar,15594.363043981533,448083.5718313853,447785.2344722748,20791733.224660873,46.43237789911588,0.0006658074026039129,20805585.737660516,1081890458.358347,15594363043981.533,34.802353900735554,14413.994433081803,46.43237789911588
2023,20,Cesar,15890.31818585795,471891.1698380464,471669.2884043919,21463405.833440483,45.50520112523957,0.0004701961974212798,21473502.59270489,1116622134.8206542,15890318185857.95,33.673692583210496,14230.703198813237,45.505201125239566
2024,20,Cesar,15193.05583498387,466649.8886965541,466630.1892954098,21112485.259486895,45.24457642006785,4.2214520182048965e-05,21113376.5505474,1097895580.6284647,15193055834983.871,32.55771875874887,13838.343193154089,45.244576420067844
2010,27,Chocó,3793.911356124453,199424.21845789676,199228.9157725066,9498989.522652963,47.67876934841913,0.0009793328358029818,9508301.314342808,494431668.345826,3793911356124.453,19.02432605960263,7673.277419339641,47.678769348419124
2011,27,Chocó,4031.154379957144,213435.00782216116,213143.9791829151,10051596.692781538,47.1587174609117,0.0013635468811590279,10065321.230152778,523396703.9679445,4031154379957.144,18.887034611098066,7701.910136988621,47.15871746091171
2012,27,Chocó,3876.946414465895,199817.13312273816,198230.74462797857,8735008.39953233,44.064851877166674,0.007939201558783027,8804912.373573551,457855443.42582464,3876946414465.895,19.40247242004254,8467.621102104433,44.064851877166674
2013,27,Chocó,3546.783206298733,187067.64200738654,186533.37662807156,8621047.459102452,46.21718437173813,0.0028560010356781795,8645739.700641688,449578464.4333678,3546783206298.733,18.95989690274005,7889.1305676061875,46.21718437173813
2014,27,Chocó,3471.6562487517144,147373.91591592142,147314.3950380726,6114349.293357138,41.50544345497884,0.00040387661194241087,6116819.733787082,318074626.1569283,3471656248751.7144,23.556789050325133,10914.596648897435,41.50544345497884
2015,27,Chocó,3570.631209841738,148479.09775274008,148329.40364094122,6700393.661126352,45.17238994195578,0.001008183064582946,6707155.701916545,348772096.4996603,3570631209841.738,24.048039514544023,10237.720407329705,45.17238994195577
2016,27,Chocó,3765.2208688075475,136778.1611556517,136778.1611556517,5908988.277917822,43.201255434290225,0.0,5908988.277917822,307267390.45172673,3765220868807.5474,27.5279389413839,12253.890213576316,43.201255434290225
2017,27,Chocó,3482.398323555387,169353.22435467487,169216.26692977373,7565636.324505273,44.70986425699298,0.0008087086940506971,7571759.672381591,393731502.96384275,3482398323555.3867,20.562928971828917,8844.601707867869,44.70986425699299
2018,27,Chocó,3201.860110136186,198841.6654735614,198841.6654735614,8696978.72636981,43.7382110316622,0.0,8696978.72636981,452242893.7712301,3201860110136.186,16.10256131435348,7079.956709625751,43.73821103166221
2019,27,Chocó,3340.9158841057924,213202.1022463767,212852.40952769783,9715191.490438169,45.64285418236697,0.001640193576866067,9731152.464205464,506019928.13868415,3340915884105.7925,15.670182652537942,6602.3405370512455,45.64285418236697
2021,27,Chocó,3546.1677732149274,127009.90199345381,126993.96463107641,5399269.229820275,42.51595141159198,0.00012548125876221672,5399946.8219447415,280797234.74112654,3546167773214.9272,27.920403980767574,12628.926978159958,42.51595141159198
2022,27,Chocó,3624.0748396385557,143303.69900274277,143301.10390059152,6168134.48878177,43.043174971357,1.8109107924657586e-05,6168246.190217734,320748801.8913222,3624074839638.5557,25.289471694440998,11298.794627661568,43.043174971357
2023,27,Chocó,3713.970579743413,130222.81313351083,130222.81313351083,5796063.25466652,44.508816198926,0.0,5796063.25466652,301395289.24265903,3713970579743.413,28.520122476049323,12322.590008210862,44.50881619892599
2024,27,Chocó,3769.7102564905877,131819.79348657696,131819.79348657696,6077138.960616764,46.101869832132536,0.0,6077138.960616764,316011225.9520717,3769710256490.588,28.597452300473012,11929.039055917356,46.10186983213254
2010,25,Cundinamarca,38164.356792697385,902924.6650400647,901322.6723504023,41347595.79016454,45.87435449986113,0.0017742263022477722,41421086.17071629,2153896480.8772473,38164356792697.38,42.267487278137374,17718.751635247416,45.87435449986113
2011,25,Cundinamarca,41523.67442662403,916011.923158216,912923.8500483761,41479671.898817174,45.43606993794625,0.0033712149719545836,41619981.80460935,2164239053.8396864,41523674426624.03,45.33093224754013,19186.269812918665,45.43606993794625
2012,25,Cundinamarca,43035.53685319445,936699.4093231842,935208.0648217734,42112041.45639729,45.02959612995078,0.0015921270864132087,42179196.096986435,2193318197.0432944,43035536853194.445,45.94380697249499,19621.200841359252,45.029596129950775
2013,25,Cundinamarca,44776.212539391556,950855.6800863887,949331.326326362,42948384.04356181,45.24066872391081,0.0016031389325962264,43017346.82703723,2236902035.005936,44776212539391.555,47.090440197321506,20017.06460036044,45.240668723910815
2014,25,Cundinamarca,46230.44792279673,965222.6841272218,963687.8075106867,43851047.16197084,45.503374454059966,0.0015901787657663924,43920889.22739381,2283886239.824478,46230447922796.734,47.89614736893533,20242.009920051732,45.50337445405996
2015,25,Cundinamarca,48055.14651495274,991150.7432435409,990069.5626935501,44287207.64238281,44.731410106070236,0.0010908336167438915,44335570.37296315,2305449659.394084,48055146514952.74,48.48419561054081,20844.15346877821,44.73141010607024
2016,25,Cundinamarca,49600.649347074606,990807.2944562166,987492.0925232061,44583776.32324756,45.14848945203056,0.003345960361373801,44733452.68275143,2326139539.5030746,49600649347074.61,50.060843944731815,21323.16161809907,45.14848945203057
2017,25,Cundinamarca,50408.732976475134,1001218.54984153,1000297.7535689101,45849394.65021103,45.83574689298998,0.0009196756020608543,45891600.035102844,2386363201.825348,50408732976475.13,50.34738218189593,21123.66337945418,45.835746892989974
2018,25,Cundinamarca,51551.400703454856,987279.3411311205,985912.8906844822,45685985.67357911,46.33876492056114,0.0013840565579674724,45749305.29960148,2378963875.579277,51551400703454.86,52.215617764666995,21669.686216190275,46.33876492056114
2019,25,Cundinamarca,52890.19488571039,1017674.2075830013,1017426.9847391335,46431216.44803401,45.63591996720914,0.00024292926166913364,46442498.68995083,2415009931.8774433,52890194885710.39,51.97163737825858,21900.611748040817,45.63591996720914
2021,25,Cundinamarca,55181.84042911929,1159111.1777365466,1158536.244961347,54164305.69347123,46.75236180917098,0.0004960117599093206,54191185.15859331,2817941628.2468524,55181840429119.29,47.60702984236213,19582.322031081243,46.75236180917098
2022,25,Cundinamarca,59558.24638100433,1413964.7766806285,1413959.0510514576,64749578.049462,45.79310695123206,4.049343565903918e-06,64749840.24381098,3366991692.678171,59558246381004.33,42.12144981491057,17688.86050729473,45.79310695123206
2023,25,Cundinamarca,59647.96244907074,1495204.7075644536,1495204.7075644536,67073847.79125565,44.85930752619993,0.0,67073847.79125565,3487840085.145294,59647962449070.74,39.89284018924178,17101.690729202674,44.85930752619993
2024,25,Cundinamarca,60506.329392063584,1497470.1840930174,1497261.7825406545,66992694.067516565,44.743474286666725,0.00013916908301525588,67002018.67701601,3484104971.2048326,60506329392063.586,40.405698914607,17366.391050824164,44.743474286666725
2010,23,Córdoba,11607.732179651237,598140.0017920486,598103.9116103147,26558064.090465423,44.40376258192559,6.033734848986949e-05,26559666.630326673,1381102664.776987,11607732179651.236,19.40638001951727,8404.68451454736,44.40376258192559
2011,23,Córdoba,11546.80310278967,597579.2071652996,597486.8080037129,26578679.243923668,44.48412732780956,0.0001546224508462979,26582789.53999267,1382305056.079619,11546803102789.67,19.322631986416567,8353.295860421558,44.48412732780956
2012,23,Córdoba,12683.650512523787,614208.8351982338,614202.6762299149,26813349.30488804,43.655539681906205,1.0027482455488013e-05,26813618.177973885,1394308145.254642,12683650512523.787,20.650387597290393,9096.734144235654,43.655539681906205
2013,23,Córdoba,13141.361626508242,638239.8959845025,638131.8293484992,26953806.691291176,42.23861818459936,0.00016931977565681766,26958371.27666781,1401835306.3867261,13141361626508.242,20.590003397135384,9374.397667569458,42.23861818459936
2014,23,Córdoba,13683.779018080728,631624.0728066363,631624.0728066363,25310218.61887171,40.071649749518194,0.0,25310218.61887171,1316131368.181329,13683779018080.729,21.664435551476902,10396.970506819085,40.071649749518194
2015,23,Córdoba,13656.567300133398,688851.2853812499,688851.2853812499,27829313.212570693,40.39959538896462,0.0,27829313.212570693,1447124287.0536761,13656567300133.398,19.825131476055923,9437.038285037679,40.39959538896463
2016,23,Córdoba,13731.403833371107,681287.1612159385,681254.6534406389,29469501.837957166,43.257688867331886,4.771523250424181e-05,29470908.049186848,1532487218.5577161,13731403833371.107,20.15508968180724,8960.20773751984,43.257688867331886
2017,23,Córdoba,13920.294746264999,717600.8775971008,717600.8775971008,30196850.773716353,42.08028685086206,0.0,30196850.773716357,1570236240.2332506,13920294746265.0,19.39838032650873,8865.095830546627,42.080286850862066
2018,23,Córdoba,14195.537270490544,733491.9705589513,733491.9705589513,30750654.030691188,41.92364097354456,0.0,30750654.030691188,1599034009.5959418,14195537270490.545,19.353364236111485,8877.570574047766,41.92364097354456
2019,23,Córdoba,14774.33245866878,714653.0130086724,714632.4698104642,30197749.5674983,42.25633572947978,2.8745695931142734e-05,30198617.647778742,1570328117.6844945,14774332458668.78,20.67343478546209,9408.436550479695,42.25633572947978
2021,23,Córdoba,15431.429349159753,717622.3886015376,717622.3886015376,28408360.619446516,39.586781391822434,0.0,28408360.619446516,1477234752.2112188,15431429349159.752,21.50355060581605,10446.159167363892,39.58678139182244
2022,23,Córdoba,16488.358344392895,716490.8287560145,716461.1214450201,28858861.8189977,40.27973180288231,4.1462234828593125e-05,28860058.421517137,1500723037.9188912,16488358344392.895,23.012657919181336,10986.942912036533,40.27973180288231
2023,23,Córdoba,16707.527697314483,754655.9448473185,754548.0945887251,29906069.043530885,39.63441065984206,0.00014291315046244257,29910343.62496974,1555337868.4984264,16707527697314.482,22.13926466940473,10742.0567811703,39.634410659842054
2024,23,Córdoba,17032.132414305022,774002.029012392,773951.7879030013,30728709.666814983,39.703648401760894,6.491082388360159e-05,30730704.42215755,1597996629.9521925,17032132414305.021,22.005281350538073,10658.428243878445,39.7036484017609
2010,41,Huila,11723.976802425374,364173.5576786011,363959.4896415745,16083539.99904586,44.19046750198724,0.0005878187268487656,16092999.7656793,836835987.8153236,11723976802425.373,32.19337745760303,14009.886014859901,44.19046750198724
2011,41,Huila,12503.665813444433,381740.7243286126,381400.17247640964,17102056.89335812,44.84019181825597,0.000892102493916358,17117327.303734962,890101019.7942181,12503665813444.434,32.75434088263778,14047.468248418756,44.840191818255974
2012,41,Huila,12769.396558016235,379659.3799076062,379421.1758815543,16319525.768533474,43.01163668742626,0.0006274150953675672,16329771.3135595,849148108.305094,12769396558016.234,33.633823458079156,15037.890838035364,43.01163668742626
2013,41,Huila,13310.405259539662,378640.8502138446,377793.1024447877,16302927.97986069,43.153058841891564,0.002238923160504669,16339510.889221886,849654566.2395381,13310405259539.662,35.153114757750934,15665.666717298778,43.153058841891564
2014,41,Huila,13915.06204359526,385504.44524862897,385089.28734430677,17247886.453522976,44.789317751396474,0.0010769211858360217,17266481.092816666,897857016.8264666,13915062043595.26,36.095723966609036,15498.082414924977,44.78931775139647
2015,41,Huila,13805.323974530787,399249.55486959004,398946.24206490256,17445056.697325088,43.727838134359565,0.0007597073083438488,17458319.910552543,907832635.3487322,13805323974530.787,34.57818250803091,15206.904265154171,43.727838134359565
2016,41,Huila,13635.836397667399,410506.62886333995,410193.61025388737,18229328.40284821,44.44079075626082,0.000762517794948403,18243239.197373707,948648438.2634327,13635836397667.398,33.217091854092445,14373.96178359683,44.44079075626082
2017,41,Huila,13211.633615559287,405580.1400556756,405427.03366758116,17537069.45788953,43.25579697842392,0.00037749971700640206,17543692.196729045,912271994.2299104,13211633615559.287,32.57465617953007,14482.121230425164,43.25579697842393
2018,41,Huila,13369.145353982982,379140.23285223957,379140.23285223957,16271449.610185346,42.91670521953479,0.0,16271449.610185346,846115379.729638,13369145353982.982,35.261742742014064,15800.61735582075,42.91670521953479
2019,41,Huila,13753.501651992608,381681.7755464944,381573.47571423114,16576325.297742827,43.442027165843164,0.0002837437865829129,16581030.061998064,862213563.2238994,13753501651992.61,36.033949046428155,15951.386337007905,43.442027165843164
2021,41,Huila,14164.392160162924,366627.50592080876,366605.85730903957,16496423.420765694,44.997708279547815,5.904797490530189e-05,16497397.558682742,857864673.0515026,14164392160162.924,38.634286657211206,16511.219782228465,44.997708279547815
2022,41,Huila,14807.150423974703,432782.5810661316,432752.6494407654,19320065.956727345,44.644593121946556,6.916088279818045e-05,19321402.241963297,1004712916.5820915,14807150423974.703,34.21383177552631,14737.692906692979,44.644593121946556
2023,41,Huila,14903.943704209316,452254.36942856165,452217.04123651446,19987254.286135763,44.19836596932271,8.253804622027072e-05,19988904.131228838,1039423014.8238996,14903943704209.316,32.95478100751341,14338.670100290556,44.19836596932271
2024,41,Huila,15353.680484528884,485561.0025486689,485485.0155358647,20756794.34321212,42.75475798218274,0.00015649323649413738,20760043.149554353,1079522243.7768264,15353680484528.885,31.620497535713756,14222.66245372801,42.75475798218274
2010,44,La Guajira,7537.923684586167,271571.4127948123,271284.88686123106,12138307.219811516,44.743764978034186,0.0010550666236645023,12151127.468843788,631858628.379877,7537923684586.167,27.75669061412402,11929.76299764055,44.74376497803419
2011,44,La Guajira,8005.784230739766,275949.72829844506,275828.81371344224,12218654.305776546,44.29796199054994,0.0004381761335602308,12224010.575467104,635648549.9242895,8005784230739.766,29.011748915662466,12594.670799915008,44.29796199054995
2012,44,La Guajira,8438.36348980637,306516.15747150395,306254.3549459891,13484086.617368815,44.0290444841082,0.0008541230833457591,13495613.532410761,701771903.6853596,8438363489806.37,27.529914114204125,12024.367811666798,44.0290444841082
2013,44,La Guajira,8479.780652908492,306487.5583086128,306225.29419053986,13697555.430798693,44.7303200965358,0.0008557088565691595,13709286.58874993,712882902.6149964,8479780652908.492,27.66761789517704,11895.054042961288,44.730320096535806
2014,44,La Guajira,8720.613786502312,327326.18814675946,327259.64054492075,14518068.097700704,44.36253756658363,0.0002033066838174058,14521020.318187239,755093056.5457364,8720613786502.312,26.641967866599025,11549.058372216801,44.36253756658363
2015,44,La Guajira,8665.814100215299,347495.82661045453,347450.47868777096,14364056.43348958,41.341305637968446,0.00013049918649643555,14365931.17582129,747028421.1427071,8665814100215.299,24.937894030968444,11600.380728432609,41.34130563796845
2016,44,La Guajira,8891.340947789686,348153.8596396848,348019.0692437394,14964376.71963189,42.99872634034144,0.0003871575517929715,14970172.534980452,778448971.8189834,8891340947789.686,25.538539072901873,11421.86741799337,42.99872634034144
2017,44,La Guajira,8996.213149026285,371601.05640502856,371500.24761192076,16129221.917383641,43.41644997833935,0.00027128231034390105,16133598.677306982,838947131.2199631,8996213149026.285,24.209331469770675,10723.218203207101,43.41644997833935
2018,44,La Guajira,8977.145406414034,398409.57838648197,398359.5025203911,18010549.749621242,45.21179897974023,0.00012568941312529613,18012813.76961268,936666316.0198594,8977145406414.035,22.532453769737554,9584.144591171249,45.21179897974024
2019,44,La Guajira,8955.495290121544,391706.1340055702,390843.35373883933,17810373.95519174,45.56908486434847,0.0022026212811837587,17849690.062385682,928183883.2440555,8955495290121.543,22.86279052753918,9648.406368382068,45.56908486434847
2021,44,La Guajira,8766.454475307019,425084.82987097796,424955.7314940532,18531366.871560015,43.60775840440533,0.00030370026840043085,18536996.56239135,963923821.2443501,8766454475307.019,20.622835394920628,9094.551127484548,43.607758404405324
2022,44,La Guajira,8516.025193371453,367462.7749025027,367446.27760966617,16233337.798022905,44.17880595668297,4.489514030614483e-05,16234066.628721941,844171464.6935409,8516025193371.453,23.175205150048118,10088.027787652145,44.17880595668297
2023,44,La Guajira,8632.673011955696,323615.4076947843,323615.4076947843,14067590.813756483,43.47008974005415,0.0,14067590.813756483,731514722.3153371,8632673011955.696,26.675716936498723,11801.092648733287,43.47008974005415
2024,44,La Guajira,8221.498196294806,331294.377495861,331294.377495861,14235996.882150298,42.970837566744265,0.0,14235996.882150298,740271837.8718154,8221498196294.806,24.816292562639465,11106.052906092627,42.970837566744265
2010,47,Magdalena,9138.294165773621,391449.7493849413,391180.78578752995,19354274.322522193,49.47654646062927,0.00068709610322637,19367581.712445732,1007114249.047178,9138294165773.621,23.344743942567362,9073.741310302461,49.476546460629265
2011,47,Magdalena,9314.180256853917,370747.36563555594,370444.16903613415,18067960.8131004,48.77377570852789,0.0008177983919104292,18082748.856036186,940302940.5138817,9314180256853.916,25.122714603479448,9905.510081425095,48.77377570852789
2012,47,Magdalena,9721.986945907347,401425.82608391886,400876.0053819263,18836448.825517144,46.988217235828586,0.001369669478808233,18862283.920103125,980838763.8453625,9721986945907.348,24.218638448725386,9911.911421396575,46.98821723582859
2013,47,Magdalena,10238.749620585739,406411.3925222052,405950.74176229234,18755766.08117486,46.20207367956344,0.0011334592690771528,18777049.101524904,976406553.279295,10238749620585.738,25.193067440958416,10486.154139583092,46.20207367956345
2014,47,Magdalena,10128.23712088042,424610.63240295416,424074.4632352536,19315647.633269206,45.54777358181534,0.0012627313750159797,19340068.94512118,1005683585.1463014,10128237120880.42,23.8529993080078,10070.99774767331,45.547773581815335
2015,47,Magdalena,10513.57745023304,426991.98826677795,426806.83111037256,19018674.376473702,44.56037952109408,0.00043363145326680286,19026925.049634174,989400102.580977,10513577450233.041,24.622423228382267,10626.21423103457,44.56037952109408
2016,47,Magdalena,10868.965741951495,388644.680489259,388635.56806707015,16903731.539870635,43.49507077785895,2.3446666444493225e-05,16904127.885318696,879014650.0365722,10868965741951.496,27.96633091251556,12364.942656529425,43.49507077785894
2017,47,Magdalena,10989.952584433297,372315.9672917897,372244.38195326284,16300728.10197903,43.790393870942744,0.00019227039615732355,16303862.852148507,847800868.3117224,10989952584433.297,29.517811616766636,12962.893758670312,43.790393870942744
2018,47,Magdalena,11248.338740491246,394800.1331016357,394800.1331016357,17513595.460081074,44.36066250153073,0.0,17513595.460081074,910706963.9242159,11248338740491.246,28.491223273208774,12351.216347377433,44.36066250153074
2019,47,Magdalena,11524.826629304358,487171.75375196047,486796.2870650036,21596347.837977685,44.364241083650356,0.0007707070125991811,21613005.13259672,1123876266.8950295,11524826629304.357,23.65659860315327,10254.533322555499,44.36424108365036
2021,47,Magdalena,12089.88082223222,479966.4981025765,479914.2482385462,20912079.99849928,43.57461791404185,0.00010886148145095031,20914356.76636046,1087546551.850744,12089880822232.22,25.189009795530396,11116.6559276549,43.57461791404185
2022,47,Magdalena,12832.471338928239,533606.258465449,533029.7807623545,23719749.7792778,44.49985842320692,0.0010803428444642327,23745402.95544964,1234760953.6833813,12832471338928.238,24.04857727087386,10392.676655872578,44.49985842320692
2023,47,Magdalena,12897.664682052531,573466.0102476231,573115.3070186762,25342064.113545004,44.21808980355707,0.000611550157602947,25357571.54041698,1318593720.101683,12897664682052.531,22.490722120537377,9781.3788170157,44.21808980355707
2024,47,Magdalena,13126.113447441481,550091.0381352282,549946.1802623019,24614192.840306208,44.75745759078868,0.0002633343626490259,24620676.310410395,1280275168.1413405,13126113447441.48,23.861711130466922,10252.572082998002,44.757457590788675
2010,50,Meta,21269.755617411487,339224.6313782941,338393.8362681308,17016711.22359177,50.28670560686086,0.002449100192953857,17058489.17271617,887041436.9812409,21269755617411.49,62.70109434857646,23978.31119343898,50.28670560686086
2011,50,Meta,25834.358858363747,341429.6598374517,340834.62221338734,17108095.22134677,50.19471059086202,0.0017427824646155665,17137962.962677356,891174074.0592225,25834358858363.746,75.66524498973816,28989.127500860104,50.19471059086202
2012,50,Meta,27810.635095034362,348085.4492743529,347478.58791100763,17449632.838672962,50.21786505919026,0.00174342640466707,17480108.12072707,908965622.2778076,27810635095034.363,79.89600011437038,30595.915195717473,50.21786505919025
2013,50,Meta,30819.33390082855,348753.02443958056,348320.1918138674,17568635.69656914,50.438177600560486,0.0012410863716770804,17590466.985416178,914704283.2416413,30819333900828.55,88.37008352931954,33693.22136724583,50.43817760056049
2014,50,Meta,29878.124081089773,361230.27541229775,361141.60877248197,17998123.496057693,49.8367484080087,0.00024545738785208826,18002542.353078377,936132202.3600756,29878124081089.773,82.71212607245545,31916.564781944544,49.83674840800871
2015,50,Meta,30712.162600333504,384428.75113373896,384144.9431567162,19019123.28652916,49.5102789333611,0.0007382589782521931,19033174.69863507,989725084.3290237,30712162600333.504,79.8903893367982,31031.003544943564,49.5102789333611
2016,50,Meta,28904.315256348724,380521.8682647806,380158.5057710309,18813096.698327836,49.48750695495143,0.000954905680997209,18831078.60226444,979216087.3177509,28904315256348.723,75.95966925148196,29517.810859830584,49.48750695495142
2017,50,Meta,29021.899838421592,389665.35558862414,389428.52182338195,19098967.8174445,49.04357731174729,0.0006077875845145186,19110582.992520187,993750315.6110498,29021899838421.594,74.47903546514019,29204.41823515421,49.04357731174729
2018,50,Meta,29403.621126852922,403109.9890673436,402801.1463875479,19541657.607446056,48.5144041488015,0.0007661499049186338,19556640.926032063,1016945328.1536672,29403621126852.92,72.94193129493685,28913.669508897965,48.5144041488015
2019,50,Meta,30800.03005841871,416169.0898166178,415986.03777496284,20313175.45459286,48.83138761878767,0.00043985016219150186,20322114.139793325,1056749935.2692529,30800030058418.71,74.00845188187942,29145.996635969575,48.83138761878767
2021,50,Meta,28793.062452657803,425914.1545508358,425167.8396857374,20292315.85690884,47.727777039551945,0.0017522659369830773,20327935.80639156,1057052661.9323611,28793062452657.805,67.60297150260864,27239.00472472413,47.727777039551945
2022,50,Meta,30215.91599102544,473222.69503211975,472920.997065862,22213586.72129631,46.97103080454409,0.0006375390897879196,22227757.78576307,1155843404.8596797,30215915991025.438,63.85136703761545,26141.876887460956,46.97103080454409
2023,50,Meta,31354.080627896183,484338.8303918037,484038.8415860681,23019239.011228237,47.556594705912936,0.000619377978620772,23033505.457278915,1197742283.7785037,31354080627896.184,64.73583916972431,26177.651947782815,47.556594705912936
2024,50,Meta,32066.04600507523,508097.8658874078,507775.73838617373,23801904.809624866,46.87483668533024,0.0006339871171697764,23817004.483637065,1238484233.1491275,32066046005075.23,63.109979706509776,25891.363932458004,46.874836685330244
2010,52,Nariño,9259.411637378087,596192.2221348764,595465.4742846728,25444234.89454478,42.72999190273912,0.001218982440933658,25475288.824299313,1324715018.8635643,9259411637378.088,15.53091652927222,6989.738551708636,42.72999190273912
2011,52,Nariño,9828.309888378597,635105.5744803189,634977.756650398,26369234.52370008,41.52780825394847,0.0002012544607650213,26374542.518032473,1371476210.9376886,9828309888378.598,15.475080495743883,7166.22702602979,41.52780825394847
2012,52,Nariño,10376.46705731138,623276.4892015952,623249.663244405,26129959.130682558,41.92534817373146,4.304021995860108e-05,26131083.818277854,1358816358.5504484,10376467057311.38,16.648256812323257,7636.40133710249,41.925348173731464
2013,52,Nariño,11037.218671754681,640148.8287549209,640109.7046290103,26148328.518516053,40.84976111035669,6.111723423229964e-05,26149926.72971315,1359796189.9450839,11037218671754.682,17.24164471756028,8116.818353639031,40.849761110356695
2014,52,Nariño,11569.079276205677,619344.9242966219,619331.1872532051,25521118.66252353,41.207546443304764,2.217995639897108e-05,25521684.73237812,1327127606.0836623,11569079276205.678,18.679541596864556,8717.382731827794,41.20754644330476
2015,52,Nariño,12229.742977637798,686184.166556778,686169.8337376711,28291364.077559482,41.23084794248697,2.088771470609707e-05,28291955.031844664,1471181661.6559227,12229742977637.797,17.82282887552733,8312.870732681868,41.23084794248697
2016,52,Nariño,12760.121721508736,680110.445596126,680094.6268764777,27767709.069441296,40.82918460475443,2.325904527822331e-05,27768354.934866026,1443954456.6130333,12760121721508.736,18.761837587017673,8836.92810605614,40.82918460475443
2017,52,Nariño,12441.29756671783,707523.9922173521,707497.3283537072,28209241.039459348,39.871869346984134,3.768616179555817e-05,28210304.177546885,1466935817.232438,12441297566717.83,17.584276580822788,8481.146496368143,39.87186934698414
2018,52,Nariño,12642.588512510838,727787.2267145301,727701.6500662102,28518188.604951583,39.189396646767044,0.00011758470769851481,28521542.302166294,1483120199.7126472,12642588512510.838,17.37127013012254,8524.318200885084,39.18939664676704
2019,52,Nariño,13063.711389858721,724805.9395477596,724794.324365076,27506742.98818821,37.951101524262455,1.6025231099559e-05,27507183.79716546,1430373557.452604,13063711389858.72,18.023736668065638,9133.076686012208,37.95110152426246
2021,52,Nariño,13745.169366932374,751107.8141664697,750836.1245441664,29356937.379182994,39.09899433382435,0.0003617185405065948,29367560.170185994,1527113128.8496716,13745169366932.375,18.29986202737867,9000.75384545099,39.09899433382435
2022,52,Nariño,14343.985739924141,806822.2048889796,806600.3563985825,30516657.873613358,37.83367764659593,0.00027496577195418315,30525051.217885427,1587302663.3300421,14343985739924.14,17.77837254974645,9036.704890188701,37.83367764659593
2023,52,Nariño,14344.291380776132,824826.6626084788,824457.6221557417,32582800.295463577,39.520285118194494,0.0004474157655985911,32597384.879375894,1695064013.7275465,14344291380776.133,17.39067373915015,8462.389186843855,39.520285118194494
2024,52,Nariño,14662.831531486238,824688.2288883963,824395.2087859183,30905863.85738943,37.48913570580341,0.00035531015505452235,30916848.927775756,1607676144.2443392,14662831531486.238,17.779848211548238,9120.513222753736,37.48913570580341
2010,54,Norte de Santander,10706.444650889329,522222.97659854864,521768.3454062616,24951953.541472334,47.82189981656348,0.0008705691106282165,24973694.868803367,1298632133.1777751,10706444650889.328,20.501672907279513,8244.401457008826,47.82189981656348
2011,54,Norte de Santander,10946.591957631446,567181.9968380888,566981.8732433895,27122829.39206274,47.8372072759717,0.00035283841132993654,27132402.74594318,1410884942.7890453,10946591957631.447,19.299963712981402,7758.670906213062,47.83720727597169
2012,54,Norte de Santander,11117.494335435653,577499.8004485627,577419.5959129237,27355259.54623393,47.37501071986336,0.00013888236078474225,27359059.236969613,1422671080.32242,11117494335435.652,19.251079094400268,7814.521915294781,47.37501071986337
2013,54,Norte de Santander,11696.499805065418,565523.9572189985,565313.5963387303,26704962.32808132,47.239200509304524,0.0003719751879347477,26714899.60788362,1389174779.6099484,11696499805065.418,20.682589403610294,8419.746727873619,47.239200509304524
2014,54,Norte de Santander,12253.405829289468,552809.7225273908,552576.3251467436,25419069.308644667,46.00101045207522,0.00042220201840914573,25429805.823991306,1322349902.847548,12253405829289.469,22.16568437557162,9266.386909321796,46.00101045207522
2015,54,Norte de Santander,12534.024866470347,555526.4268258071,555418.213671363,25752234.030602455,46.36548351624614,0.00019479389137688763,25757251.385831073,1339377072.0632157,12534024866470.348,22.562427746395155,9358.10021532067,46.36548351624614
2016,54,Norte de Santander,13041.233784068678,561297.120377301,561265.6521845062,26585911.541975208,47.36778642787063,5.6063342661838433e-05,26587402.120610785,1382544910.2717607,13041233784068.678,23.234100640499328,9432.77407278236,47.36778642787063
2017,54,Norte de Santander,12940.020336124177,560793.3416176747,560793.3416176747,27022117.02265051,48.185516869194664,0.0,27022117.02265051,1405150085.1778264,12940020336124.176,23.074489969508477,9208.995161884486,48.18551686919466
2018,54,Norte de Santander,13347.360858114384,556433.9476038124,556433.9476038124,26838422.23299149,48.232898708942116,0.0,26838422.23299149,1395597956.1155574,13347360858114.383,23.987323051716217,9563.901121827956,48.232898708942116
2019,54,Norte de Santander,13549.79890243352,615448.5593656378,615232.8591562187,29610524.597324632,48.128971261279766,0.0003504764226622825,29620906.02650482,1540287113.3782506,13549798902433.52,22.016135542505328,8796.930640233224,48.128971261279766
2021,54,Norte de Santander,14177.8387670666,520096.62913986715,519585.0150093413,24944770.651039008,48.009026300711426,0.0009836905333763246,24969332.74728724,1298405302.8589365,14177838767066.6,27.26000895355509,10919.42457093225,48.009026300711426
2022,54,Norte de Santander,15164.150455032552,625856.0177243551,625822.4890581766,29900236.72344907,47.777504398167345,5.3572491481967965e-05,29901838.639444876,1554895609.2511337,15164150455032.55,24.229455378842864,9752.519953629482,47.77750439816735
2023,54,Norte de Santander,15364.076335014488,653259.8370206562,652838.4992299965,30662260.725857466,46.967604946740565,0.0006449773379324508,30682049.95275831,1595466597.543432,15364076335014.488,23.519089134709304,9629.832651257524,46.967604946740565
2024,54,Norte de Santander,15628.732391989028,642195.3250474753,642195.3250474753,29974265.974307746,46.674687287846346,0.0,29974265.974307746,1558661830.664003,15628732391989.027,24.336415701614847,10027.019385809337,46.674687287846346
2010,63,Quindío,5103.625939220887,254039.902530443,253643.71058514778,12247881.870179841,48.287741264801625,0.0015595658057999673,12267013.084325455,637884680.3849237,5103625939220.887,20.089859460599072,8000.859867243035,48.287741264801625
2011,63,Quindío,5456.322083332396,281728.5682870018,280720.34423488966,13818604.215572653,49.225517492277255,0.003578707187000818,13868234.566286035,721148197.4468738,5456322083332.3955,19.36730135856845,7566.159220323582,49.22551749227725
2012,63,Quindío,5868.606160467311,294493.07300674747,293663.0735850775,13877960.83364943,47.25810659210726,0.0028184004913791583,13917185.034790097,723693621.809085,5868606160467.312,19.927824109916667,8109.241236363262,47.25810659210726
2013,63,Quindío,5933.025547519642,299102.94861336675,298484.56984580477,13857972.628783682,46.42776889921855,0.0020674445719400802,13886682.575296232,722107493.9154041,5933025547519.642,19.836065057282077,8216.263641510835,46.42776889921855
2014,63,Quindío,6103.736923208317,362483.14589318994,361976.797960377,17148357.96503832,47.37419100247256,0.0013968868306007964,17172345.788721107,892961981.0134976,6103736923208.317,16.8386778595407,6835.382751996533,47.374191002472564
2015,63,Quindío,6380.692344865627,291034.9912852692,290665.13899168017,13855230.615506094,47.667328333800214,0.0012708172716816568,13872860.486219611,721388745.2834197,6380692344865.627,21.924141549740128,8845.012327380817,47.66732833380021
2016,63,Quindío,6624.063695955645,333566.9293185536,333347.2991426907,15680609.8799135,47.039858790640295,0.0006584291083997496,15690941.252372254,815928945.1233572,6624063695955.645,19.858274648173293,8118.43204674419,47.039858790640295
2017,63,Quindío,6735.936197253357,351782.0616517921,351160.62662335567,16465970.852718027,46.89013973761624,0.001766534159014399,16495110.028039262,857745721.4580417,6735936197253.357,19.14803775276312,7853.068839333008,46.890139737616245
2018,63,Quindío,6792.748142425209,346668.8315332204,346263.990820754,15973066.267319955,46.12973537750428,0.0011678024547978616,15991741.46225607,831570556.0373156,6792748142425.209,19.59434343255712,8168.577029464224,46.12973537750428
2019,63,Quindío,6968.49650094416,342213.7150530042,341596.0568517785,15605718.068596676,45.68471373007719,0.0018048902602574302,15633935.606702706,812964651.5485407,6968496500944.16,20.36299597128898,8571.709099123214,45.68471373007719
2021,63,Quindío,7320.090567103196,190359.10141735146,190306.39993784184,8478128.365854291,44.54988570338901,0.00027685295379742403,8480476.210742844,440984762.9586279,7320090567103.196,38.45411389631597,16599.418351762757,44.54988570338901
2022,63,Quindío,7774.862443110176,222289.18035856882,222263.727115949,9877372.71246179,44.43987708038852,0.00011450509007571164,9878503.851435112,513682200.27462584,7774862443110.176,34.97634221588631,15135.549643249391,44.43987708038852
2023,63,Quindío,7799.070342328842,220049.191387933,220019.30560644242,9621119.408109115,43.728523647460314,0.00013581409366736352,9622426.269211749,500366165.9990109,7799070342328.843,35.44239491696004,15586.726026444121,43.72852364746031
2024,63,Quindío,7970.451714641012,235888.77959825317,235888.77959825317,10171003.914178923,43.117794460174665,0.0,10171003.914178923,528892203.537304,7970451714641.012,33.78902433687455,15070.08736626014,43.117794460174665
2010,66,Risaralda,10503.061453880591,418703.329710254,418161.634305276,19964482.41196599,47.74345796963061,0.0012937451568700853,19990344.8237659,1039497930.8358268,10503061453880.592,25.084733529940625,10103.975334934452,47.74345796963061
2011,66,Risaralda,10665.176060044323,447679.46626982564,447597.33754348033,21086856.87048657,47.1112205139919,0.00018345430722932488,21090726.055023957,1096717754.8612459,10665176060044.322,23.82324154580769,9724.63153146787,47.11122051399191
2012,66,Risaralda,10977.94262345112,439460.8869140671,438873.0433397167,20931143.336956546,47.6929345618397,0.001337647084996063,20959179.32208064,1089877324.7481933,10977942623451.12,24.98047710352381,10072.640630437447,47.69293456183971
2013,66,Risaralda,11814.715994659879,427518.1078785024,427130.2213906234,20580417.783013258,48.18300544505805,0.0009072983827604908,20599107.319770794,1071153580.6280813,11814715994659.879,27.63559198296587,11029.899174432303,48.18300544505804
2014,66,Risaralda,12366.56066412632,445497.8159564528,445318.869356228,21771561.645200804,48.88982511941321,0.000401677839521275,21780310.31319151,1132576136.2859585,12366560664126.32,27.75897035000312,10918.966299854961,48.88982511941321
2015,66,Risaralda,12655.73442082919,458080.9488013645,457898.11176826595,22214238.325947806,48.5134962451866,0.0003991369507441167,22223108.389666513,1155601636.2626586,12655734420829.191,27.6277248681587,10951.641139726327,48.5134962451866
2016,66,Risaralda,13027.281363017793,482840.4649298043,482692.4417161084,22985179.750291172,47.618685862518056,0.0003065675403105539,22992228.42120452,1195595877.9026349,13027281363017.793,26.98050869641116,10896.057441976802,47.61868586251805
2017,66,Risaralda,13202.218898587202,501529.74837260373,501437.6978717317,23764982.91208285,47.393690209071515,0.000183539463353255,23769345.52500477,1236005967.3002481,13202218898587.201,26.3238999110753,10681.355307227368,47.39369020907152
2018,66,Risaralda,13551.495620999623,492377.38718392875,492377.38718392875,23143749.946308095,47.004087817019695,0.0,23143749.946308095,1203474997.208021,13551495620999.623,27.522579171446452,11260.305076913239,47.004087817019695
2019,66,Risaralda,13969.195250802206,483462.64245330513,483462.64245330513,22807427.001411,47.175158944393175,0.0,22807427.001411,1185986204.073372,13969195250802.205,28.89405307495172,11778.547847204123,47.175158944393175
2021,66,Risaralda,14690.78917186427,339148.47115701414,338926.4301388294,15605973.703337688,46.04531342375761,0.000654701515909073,15616197.651612934,812042277.8838725,14690789171864.27,43.316689949231524,18091.162950465434,46.045313423757605
2022,66,Risaralda,15906.17548569544,397627.6604324977,397287.53038628894,18365858.644831974,46.22812759055025,0.0008553983539243415,18381582.220005494,955842275.4402857,15906175485695.44,40.00268861676869,16641.0043732044,46.22812759055026
2023,66,Risaralda,16113.093793137878,416549.8874169062,416522.7348140918,19101308.252702672,45.85898116996719,6.518451603176878e-05,19102553.44340385,993332779.0570003,16113093793137.877,38.68226659010233,16221.24441361384,45.85898116996718
2024,66,Risaralda,16348.008932040064,422915.4710528113,422799.1098531567,19180417.618355185,45.365321665451894,0.0002751405602753332,19185696.381606895,997656211.8435585,16348008932040.064,38.655499859920276,16386.415217954436,45.3653216654519
2010,68,Santander,42785.68473514107,875956.21370853,875391.7907410417,41318231.78303639,47.19970214486412,0.0006443506634865592,41344872.378985554,2149933363.7072487,42785684735141.07,48.84454732503078,19900.935283577048,47.19970214486412
2011,68,Santander,44685.39876594878,933124.7313390813,932353.1338974986,44050493.544255525,47.246576369741,0.0008268963576556487,44086948.881705955,2292521341.8487096,44685398765948.78,47.887916015067965,19491.813642142184,47.24657636974099
2012,68,Santander,45841.493848917395,932271.0391509479,930360.9886916451,44025407.42451147,47.32077973994142,0.002048814539001853,44115792.501588315,2294021210.0825925,45841493848917.4,49.17185230881661,19983.029645687955,47.32077973994142
2013,68,Santander,47680.20788791018,949893.0314720549,949208.952886027,44450479.702345945,46.82897223756294,0.0007201638114637809,44482514.399459355,2313090748.7718863,47680207887910.18,50.1953444315934,20613.202449244818,46.82897223756293
2014,68,Santander,52134.65967115733,967061.9092605794,966240.1666953549,45342667.00915967,46.92691172654979,0.0008497310847997985,45381228.849979915,2359823900.1989555,52134659671157.33,53.910364136893534,22092.60600622016,46.92691172654979
2015,68,Santander,51999.22965436837,976332.0739683721,975133.4669172176,45343958.845809124,46.50025907649268,0.001227663295217396,45399694.384218715,2360784107.979373,51999229654368.37,53.25977814394005,22026.25368351671,46.500259076492675
2016,68,Santander,53175.383014299165,974750.8507883821,974116.418181574,44981878.67994667,46.17710762325136,0.0006508664304267775,45011174.94271095,2340581097.0209694,53175383014299.164,54.55279466675071,22718.880829200665,46.17710762325136
2017,68,Santander,54065.427685436334,963392.6110160121,963135.0764190216,45072927.56138265,46.7981373173177,0.0002673205026131331,45084979.70081658,2344418944.442462,54065427685436.336,56.11982806097911,23061.3337320109,46.7981373173177
2018,68,Santander,54942.33383574756,958464.6881546152,958348.8238786745,44456709.53881854,46.388860121819995,0.00012088528390519215,44462084.350508265,2312028386.22643,54942333835747.56,57.32327389288702,23763.693457683505,46.38886012182
2019,68,Santander,56514.668508560215,972663.1902861984,972156.467621323,44230495.84423445,45.49730142973573,0.0005209641630690154,44253550.35805957,2301184618.6190977,56514668508560.21,58.10301970194968,24558.945880002324,45.497301429735735
2021,68,Santander,57117.604969578664,807385.3195205884,807220.602561973,36813166.64132902,45.604840268559364,0.00020401282341020455,36820678.5319162,1914675283.6596425,57117604969578.664,70.74392311652895,29831.48393726904,45.604840268559364
2022,68,Santander,61011.03257653691,946069.9351139069,945828.9056390127,43509056.6889979,46.000980123992605,0.0002547691940608665,43520144.2810818,2263047502.616254,61011032576536.914,64.4889244569337,26959.67826835431,46.000980123992605
2023,68,Santander,61497.4357857824,1011343.0213592292,1011281.1410742494,47217876.6823285,46.691147263134525,6.118624806117356e-05,47220765.943827175,2455479829.079013,61497435785782.4,60.80769282723759,25044.976976597074,46.69114726313452
2024,68,Santander,62586.91370183193,1009902.5625092613,1009780.1357619052,46058670.8925507,45.61257372903086,0.00012122629637845161,46064255.09159088,2395341264.762726,62586913701831.93,61.9732200167162,26128.599971341275,45.61257372903086
2010,70,Sucre,5205.7097818538,298255.95407794014,298247.5286444103,13554088.21410102,45.44576874016974,2.8249003631408698e-05,13554471.114404753,704832497.9490471,5205709781853.801,17.453833563682842,7385.740295746304,45.44576874016973
2011,70,Sucre,5553.174475651619,306965.5158257859,306956.710746259,13391881.447838508,43.62791553011101,2.8684262801226268e-05,13392265.59510434,696397810.9454257,5553174475651.619,18.09054825169107,7974.14119971552,43.62791553011102
2012,70,Sucre,5855.249637376749,342985.5858327419,342985.5858327419,14721644.271746866,42.922049438328074,0.0,14721644.271746866,765525502.1308371,5855249637376.749,17.071416057210293,7648.6669889882,42.922049438328074
2013,70,Sucre,6133.847454926351,356178.62508845615,356149.87563876587,15410428.954708725,43.26950536503668,8.071638123463565e-05,15411672.929176342,801406992.3171698,6133847454926.351,17.22126770915302,7653.848186663664,43.26950536503668
2014,70,Sucre,6468.790898497221,359468.5955626244,359460.29976112756,15797989.655402984,43.94919179086323,2.3077958962836043e-05,15798354.249174027,821514420.9570494,6468790898497.221,17.995427078609065,7874.2268345833745,43.949191790863225
2015,70,Sucre,6577.321279881526,342656.40942775377,342551.99393543176,14802754.129538681,43.21316002127513,0.00030472359322386566,14807266.252917092,769977845.1516888,6577321279881.525,19.19509193149442,8542.221469483666,43.21316002127514
2016,70,Sucre,6807.148534631853,362169.8955904667,362160.0518323109,15392926.935464483,42.50310562301275,2.7179945864097554e-05,15393345.325757105,800453956.9393694,6807148534631.854,18.795456545425353,8504.110043580511,42.50310562301275
2017,70,Sucre,6981.911252964909,373982.54245514073,373982.54245514073,15602148.333133953,41.71892150555512,0.0,15602148.333133953,811311713.3229655,6981911252964.909,18.669083340440658,8605.7074467327,41.71892150555512
2018,70,Sucre,7108.14543151222,383939.4567426089,383932.9890653754,15729494.698427346,40.969375246233284,1.6845565413814434e-05,15729759.675122896,817947503.1063906,7108145431512.22,18.513714354389695,8690.222055226033,40.969375246233284
2019,70,Sucre,7365.709263754478,378068.90054633934,378068.90054633934,15397942.819764446,40.72787472736638,0.0,15397942.819764446,800693026.6277512,7365709263754.479,19.482452148564583,9199.16749465942,40.72787472736638
2021,70,Sucre,7676.9808021355675,370640.523743852,370608.7580552432,14838826.957923029,40.03906177444178,8.570484492076424e-05,14840098.826291544,771685138.9671603,7676980802135.567,20.712740000985686,9948.333088817286,40.03906177444178
2022,70,Sucre,8040.84066299972,381737.3677641551,381727.3572661082,15088898.04709816,39.52794516788968,2.6223521436996577e-05,15089293.741516061,784643274.5588351,8040840662999.72,21.063802870793385,10247.765989609321,39.52794516788968
2023,70,Sucre,8050.415425419876,363495.05420266534,363495.05420266534,15048285.337080035,41.39887231777827,0.0,15048285.337080033,782510837.5281618,8050415425419.876,22.147248861689867,10287.928344673117,41.39887231777827
2024,70,Sucre,8123.3195009249675,369316.4532408935,369316.4532408935,15072425.28618481,40.811681022923565,0.0,15072425.286184812,783766114.8816103,8123319500924.968,21.995552674785333,10364.468872390604,40.81168102292357
2010,73,Tolima,14820.06576174138,491270.9001795661,489514.7459893495,22650443.996765215,46.27121896192689,0.0035747164946564602,22731703.391831633,1182048576.3752449,14820065761741.38,30.16678935455865,12537.611446720026,46.27121896192689
2011,73,Tolima,15312.309938881068,488669.0178810458,488196.15597089165,22363063.861034255,45.80753778480722,0.0009676527319136818,22384724.50085064,1164005674.0442333,15312309938881.068,31.334726325147273,13154.84132107348,45.80753778480722
2012,73,Tolima,15830.125242105936,505362.92441389087,504256.0488548389,22363581.912898835,44.349655227113956,0.0021902587340290047,22412671.462322112,1165458916.0407498,15830125242105.936,31.32427108788279,13582.739832548883,44.349655227113956
2013,73,Tolima,16616.43736922518,512220.77487402677,510746.8496537017,23289020.19101728,45.59797129792926,0.0028775194069150523,23356228.19090896,1214523865.927266,16616437369225.18,32.439991082579084,13681.441621189424,45.59797129792926
2014,73,Tolima,17182.19853385976,510845.0993601897,510339.04543948936,23209978.410717398,45.4795270284084,0.0009906210734607068,23232993.50368172,1208115662.1914494,17182198533859.758,33.634850476944344,14222.312541410382,45.4795270284084
2015,73,Tolima,17380.832886711047,521432.5450529015,521073.9213450141,23704463.790729564,45.49155660974699,0.0006877662533529838,23720778.141438518,1233480463.3548028,17380832886711.047,33.33285014833067,14090.886238634783,45.491556609746986
2016,73,Tolima,17707.73831455761,507058.8880885709,506852.5686794079,23045358.370903693,45.46757734886856,0.00040689437461749467,23054739.214598384,1198846439.159116,17707738314557.61,34.92244930625197,14770.647629381132,45.46757734886856
2017,73,Tolima,17935.71543775977,506030.627129417,505796.352596193,22403525.88692794,44.29356948094482,0.0004629651263460266,22413902.74224291,1165522942.5966313,17935715437759.77,35.44393259258737,15388.556314302456,44.29356948094482
2018,73,Tolima,18119.89221676847,482353.85534259904,482206.75583715766,21426092.54163407,44.43341426114261,0.00030496181135919453,21432628.67489696,1114496691.094642,18119892216768.47,37.56555901040439,16258.363404355541,44.43341426114261
2019,73,Tolima,18511.822141456196,458227.23584269657,458156.1643332519,21555976.060864415,47.04940747056087,0.00015510101514149,21559319.933271825,1121084636.530135,18511822141456.195,40.39878185636932,16512.421576618934,47.049407470560865
2021,73,Tolima,18732.550985507864,403813.9782703235,403575.86793440854,18273586.050669786,45.279184169752476,0.000589653525454592,18284367.492422402,950787109.6059649,18732550985507.863,46.389060293915364,19702.150771975867,45.279184169752476
2022,73,Tolima,19647.318023103704,480780.9814020793,480417.9877243042,21621470.23064931,45.005538475085466,0.0007550083963731025,21637806.956580628,1125165961.7421927,19647318023103.703,40.86542268333315,17461.706709188078,45.005538475085466
2023,73,Tolima,19826.489814651715,504770.6328410592,504566.72309501626,22872388.994081985,45.33075200398189,0.0004039651532324884,22881632.37621105,1189844883.5629747,19826489814651.715,39.278215737433015,16663.08784325025,45.33075200398189
2024,73,Tolima,20323.273624119254,507517.6378363845,507290.9797817952,23076489.06903149,45.489649902621075,0.0004466013349913034,23086799.664582368,1200513582.558283,20323273624119.254,40.044467638129944,16928.81606621272,45.489649902621075
2010,76,Valle del Cauca,63805.174121525146,1576468.7412397896,1572193.049264143,73798525.43386418,46.939862422369316,0.0027121958487321685,73999225.82696146,3847959743.001996,63805174121525.15,40.4734787645371,16581.559679142425,46.93986242236932
2011,76,Valle del Cauca,66669.53011067327,1555952.5800445396,1553472.2943529817,74066599.59706618,47.678094978780926,0.001594062520521633,74184854.89384279,3857612454.479825,66669530110673.266,42.84804753417667,17282.58888039681,47.67809497878092
2012,76,Valle del Cauca,69200.5085499362,1561964.8729592185,1560882.6320507484,72903163.71057941,46.706371263031095,0.0006928714769491862,72953711.25624646,3793592985.324816,69200508549936.2,44.30349859202177,18241.41620295913,46.7063712630311
2013,76,Valle del Cauca,72245.75549664536,1575261.7149835946,1572968.4968062984,72406520.4221683,46.03176768586277,0.0014557696384566166,72512081.3085586,3770628228.0450473,72245755496645.36,45.862700025943155,19160.13754930767,46.031767685862775
2014,76,Valle del Cauca,75900.94881265119,1598280.4001437454,1597599.3887529983,73829571.33746044,46.2128189690207,0.0004260900594700301,73861042.79357687,3840774225.265997,75900948812651.19,47.48913194820186,19761.887671852044,46.212818969020695
2015,76,Valle del Cauca,78074.26193077292,1616361.4142583576,1615593.296521633,73100758.73304835,45.247005474975694,0.0004752141012207556,73135513.76048736,3803046715.545343,78074261930772.92,48.30247817230659,20529.398603397738,45.247005474975694
2016,76,Valle del Cauca,80021.62159860555,1593835.6329634972,1592779.4776496135,72089335.4542809,45.26008557107955,0.000662650082631111,72137137.13416362,3751131130.976508,80021621598605.55,50.20694728089207,21332.66441628609,45.26008557107954
2017,76,Valle del Cauca,81446.8440557551,1555365.5267627519,1554804.0253693939,69580690.31863718,44.75206468680581,0.00036100928283189226,69605818.66531447,3619502570.596352,81446844055755.1,52.36508245445935,22502.220254629035,44.75206468680581
2018,76,Valle del Cauca,84172.2818451948,1552833.041336818,1552270.5447085318,70007907.83940053,45.10032615000489,0.00036223896150600066,70033276.6207945,3641730384.2813144,84172281845194.8,54.205622629417874,23113.265663077353,45.10032615000489
2019,76,Valle del Cauca,87022.56078663413,1650313.7784424024,1650012.6914641056,74563361.47568819,45.18956845691041,0.00018244226172603462,74576967.46630542,3878002308.247882,87022560786634.12,52.73091815834422,22440.048733738826,45.18956845691041
2021,76,Valle del Cauca,89970.37691835914,1414556.5466411312,1412940.2479777262,64754859.189107575,45.829863847242024,0.0011426186300171892,64828933.9367879,3371104564.7129707,89970376918359.14,63.60323815403073,26688.693628825356,45.829863847242024
2022,76,Valle del Cauca,97055.23871654722,1889224.5507014592,1888125.0055290859,86119172.77106921,45.61094870248652,0.0005820087252015327,86169324.0695224,4480804851.615165,97055238716547.22,51.37305604064436,21660.224430787785,45.61094870248652
2023,76,Valle del Cauca,97519.9390744033,1927816.0064535756,1926855.1446329586,86786305.61940631,45.040389186047506,0.000498419878972034,86829583.20976092,4515138326.907568,97519939074403.3,50.58570877508258,21598.438854739365,45.040389186047506
2024,76,Valle del Cauca,99509.13857737576,1825807.5991241753,1824860.4097525333,81603377.27725965,44.717599681131645,0.0005187783050614181,81645733.31240295,4245578132.244953,99509138577375.77,54.5014374050746,23438.301092991045,44.71759968113164
