anio,rama_ptf,concepto,valor
2014,A-B_AgriculturaPesca,produccion,67451.0
2014,C_Mineria,produccion,97802.0
2014,D_Manufactura,produccion,294623.0
2014,E_ElectricidadGasAgua,produccion,51713.0
2014,F_Construccion,produccion,140123.0
2014,G-H_ComercioHotelesRest,produccion,159152.0
2014,I_TransporteComunicaciones,produccion,119924.0
2014,J-K_FinancieroInmobiliario,produccion,207533.0
2014,L-Q_ServiciosSocialesComunales,produccion,203263.0
2014,TOT_Economia,produccion,1341584.0
2014,A-B_AgriculturaPesca,valor_agregado,41555.0
2014,C_Mineria,valor_agregado,64274.0
2014,D_Manufactura,valor_agregado,93603.0
2014,E_ElectricidadGasAgua,valor_agregado,22947.0
2014,F_Construccion,valor_agregado,55568.0
2014,G-H_ComercioHotelesRest,valor_agregado,84709.0
2014,I_TransporteComunicaciones,valor_agregado,59304.0
2014,J-K_FinancieroInmobiliario,valor_agregado,152249.0
2014,L-Q_ServiciosSocialesComunales,valor_agregado,120543.0
2014,TOT_Economia,valor_agregado,694752.0
2014,A-B_AgriculturaPesca,remuneracion_asalariados,11591.0
2014,C_Mineria,remuneracion_asalariados,7667.0
2014,D_Manufactura,remuneracion_asalariados,29238.0
2014,E_ElectricidadGasAgua,remuneracion_asalariados,3635.0
2014,F_Construccion,remuneracion_asalariados,12949.0
2014,G-H_ComercioHotelesRest,remuneracion_asalariados,36008.0
2014,I_TransporteComunicaciones,remuneracion_asalariados,17535.0
2014,J-K_FinancieroInmobiliario,remuneracion_asalariados,45529.0
2014,L-Q_ServiciosSocialesComunales,remuneracion_asalariados,86922.0
2014,TOT_Economia,remuneracion_asalariados,251074.0
2014,A-B_AgriculturaPesca,ingreso_mixto,24701.0
2014,C_Mineria,ingreso_mixto,4262.0
2014,D_Manufactura,ingreso_mixto,11399.0
2014,E_ElectricidadGasAgua,ingreso_mixto,582.0
2014,F_Construccion,ingreso_mixto,24411.0
2014,G-H_ComercioHotelesRest,ingreso_mixto,29066.0
2014,I_TransporteComunicaciones,ingreso_mixto,13421.0
2014,J-K_FinancieroInmobiliario,ingreso_mixto,26451.0
2014,L-Q_ServiciosSocialesComunales,ingreso_mixto,7249.0
2014,TOT_Economia,ingreso_mixto,141542.0
2014,A-B_AgriculturaPesca,excedente_explotacion_bruto,6519.0
2014,C_Mineria,excedente_explotacion_bruto,51580.0
2014,D_Manufactura,excedente_explotacion_bruto,50142.0
2014,E_ElectricidadGasAgua,excedente_explotacion_bruto,18161.0
2014,F_Construccion,excedente_explotacion_bruto,17158.0
2014,G-H_ComercioHotelesRest,excedente_explotacion_bruto,15842.0
2014,I_TransporteComunicaciones,excedente_explotacion_bruto,26770.0
2014,J-K_FinancieroInmobiliario,excedente_explotacion_bruto,74118.0
2014,L-Q_ServiciosSocialesComunales,excedente_explotacion_bruto,23288.0
2014,TOT_Economia,excedente_explotacion_bruto,283578.0
2015,A-B_AgriculturaPesca,produccion,77693.0
2015,C_Mineria,produccion,83746.0
2015,D_Manufactura,produccion,318038.0
2015,E_ElectricidadGasAgua,produccion,59088.0
2015,F_Construccion,produccion,152005.0
2015,G-H_ComercioHotelesRest,produccion,176448.0
2015,I_TransporteComunicaciones,produccion,129920.0
2015,J-K_FinancieroInmobiliario,produccion,220431.0
2015,L-Q_ServiciosSocialesComunales,produccion,223573.0
2015,TOT_Economia,produccion,1440942.0
2015,A-B_AgriculturaPesca,valor_agregado,48124.0
2015,C_Mineria,valor_agregado,47627.0
2015,D_Manufactura,valor_agregado,99789.0
2015,E_ElectricidadGasAgua,valor_agregado,24599.0
2015,F_Construccion,valor_agregado,58042.0
2015,G-H_ComercioHotelesRest,valor_agregado,94726.0
2015,I_TransporteComunicaciones,valor_agregado,64664.0
2015,J-K_FinancieroInmobiliario,valor_agregado,161913.0
2015,L-Q_ServiciosSocialesComunales,valor_agregado,131059.0
2015,TOT_Economia,valor_agregado,730543.0
2015,A-B_AgriculturaPesca,remuneracion_asalariados,12653.0
2015,C_Mineria,remuneracion_asalariados,7388.0
2015,D_Manufactura,remuneracion_asalariados,31461.0
2015,E_ElectricidadGasAgua,remuneracion_asalariados,3932.0
2015,F_Construccion,remuneracion_asalariados,14157.0
2015,G-H_ComercioHotelesRest,remuneracion_asalariados,41298.0
2015,I_TransporteComunicaciones,remuneracion_asalariados,18788.0
2015,J-K_FinancieroInmobiliario,remuneracion_asalariados,49226.0
2015,L-Q_ServiciosSocialesComunales,remuneracion_asalariados,95404.0
2015,TOT_Economia,remuneracion_asalariados,274307.0
2015,A-B_AgriculturaPesca,ingreso_mixto,28127.0
2015,C_Mineria,ingreso_mixto,4789.0
2015,D_Manufactura,ingreso_mixto,12468.0
2015,E_ElectricidadGasAgua,ingreso_mixto,617.0
2015,F_Construccion,ingreso_mixto,25165.0
2015,G-H_ComercioHotelesRest,ingreso_mixto,32537.0
2015,I_TransporteComunicaciones,ingreso_mixto,13949.0
2015,J-K_FinancieroInmobiliario,ingreso_mixto,27751.0
2015,L-Q_ServiciosSocialesComunales,ingreso_mixto,7613.0
2015,TOT_Economia,ingreso_mixto,153016.0
2015,A-B_AgriculturaPesca,excedente_explotacion_bruto,7804.0
2015,C_Mineria,excedente_explotacion_bruto,34714.0
2015,D_Manufactura,excedente_explotacion_bruto,52653.0
2015,E_ElectricidadGasAgua,excedente_explotacion_bruto,19408.0
2015,F_Construccion,excedente_explotacion_bruto,17483.0
2015,G-H_ComercioHotelesRest,excedente_explotacion_bruto,16488.0
2015,I_TransporteComunicaciones,excedente_explotacion_bruto,30145.0
2015,J-K_FinancieroInmobiliario,excedente_explotacion_bruto,78224.0
2015,L-Q_ServiciosSocialesComunales,excedente_explotacion_bruto,24817.0
2015,TOT_Economia,excedente_explotacion_bruto,281736.0
2016,A-B_AgriculturaPesca,produccion,89988.0
2016,C_Mineria,produccion,77051.0
2016,D_Manufactura,produccion,341282.0
2016,E_ElectricidadGasAgua,produccion,63585.0
2016,F_Construccion,produccion,164325.0
2016,G-H_ComercioHotelesRest,produccion,198046.0
2016,I_TransporteComunicaciones,produccion,136530.0
2016,J-K_FinancieroInmobiliario,produccion,232790.0
2016,L-Q_ServiciosSocialesComunales,produccion,240106.0
2016,TOT_Economia,produccion,1543703.0
2016,A-B_AgriculturaPesca,valor_agregado,57065.0
2016,C_Mineria,valor_agregado,40999.0
2016,D_Manufactura,valor_agregado,106226.0
2016,E_ElectricidadGasAgua,valor_agregado,27624.0
2016,F_Construccion,valor_agregado,64325.0
2016,G-H_ComercioHotelesRest,valor_agregado,108636.0
2016,I_TransporteComunicaciones,valor_agregado,69170.0
2016,J-K_FinancieroInmobiliario,valor_agregado,169612.0
2016,L-Q_ServiciosSocialesComunales,valor_agregado,144062.0
2016,TOT_Economia,valor_agregado,787719.0
2016,A-B_AgriculturaPesca,remuneracion_asalariados,13893.0
2016,C_Mineria,remuneracion_asalariados,7381.0
2016,D_Manufactura,remuneracion_asalariados,33307.0
2016,E_ElectricidadGasAgua,remuneracion_asalariados,4313.0
2016,F_Construccion,remuneracion_asalariados,15042.0
2016,G-H_ComercioHotelesRest,remuneracion_asalariados,43997.0
2016,I_TransporteComunicaciones,remuneracion_asalariados,19181.0
2016,J-K_FinancieroInmobiliario,remuneracion_asalariados,50875.0
2016,L-Q_ServiciosSocialesComunales,remuneracion_asalariados,103572.0
2016,TOT_Economia,remuneracion_asalariados,291561.0
2016,A-B_AgriculturaPesca,ingreso_mixto,33891.0
2016,C_Mineria,ingreso_mixto,6611.0
2016,D_Manufactura,ingreso_mixto,12848.0
2016,E_ElectricidadGasAgua,ingreso_mixto,598.0
2016,F_Construccion,ingreso_mixto,30154.0
2016,G-H_ComercioHotelesRest,ingreso_mixto,36737.0
2016,I_TransporteComunicaciones,ingreso_mixto,16553.0
2016,J-K_FinancieroInmobiliario,ingreso_mixto,29803.0
2016,L-Q_ServiciosSocialesComunales,ingreso_mixto,8578.0
2016,TOT_Economia,ingreso_mixto,175773.0
2016,A-B_AgriculturaPesca,excedente_explotacion_bruto,9660.0
2016,C_Mineria,excedente_explotacion_bruto,26287.0
2016,D_Manufactura,excedente_explotacion_bruto,56779.0
2016,E_ElectricidadGasAgua,excedente_explotacion_bruto,22059.0
2016,F_Construccion,excedente_explotacion_bruto,17854.0
2016,G-H_ComercioHotelesRest,excedente_explotacion_bruto,23295.0
2016,I_TransporteComunicaciones,excedente_explotacion_bruto,31609.0
2016,J-K_FinancieroInmobiliario,excedente_explotacion_bruto,81793.0
2016,L-Q_ServiciosSocialesComunales,excedente_explotacion_bruto,28344.0
2016,TOT_Economia,excedente_explotacion_bruto,297680.0
2017,A-B_AgriculturaPesca,produccion,93223.0
2017,C_Mineria,produccion,87006.0
2017,D_Manufactura,produccion,346201.0
2017,E_ElectricidadGasAgua,produccion,65315.0
2017,F_Construccion,produccion,162647.0
2017,G-H_ComercioHotelesRest,produccion,211517.0
2017,I_TransporteComunicaciones,produccion,142012.0
2017,J-K_FinancieroInmobiliario,produccion,249967.0
2017,L-Q_ServiciosSocialesComunales,produccion,260436.0
2017,TOT_Economia,produccion,1618324.0
2017,A-B_AgriculturaPesca,valor_agregado,58815.0
2017,C_Mineria,valor_agregado,47538.0
2017,D_Manufactura,valor_agregado,105022.0
2017,E_ElectricidadGasAgua,valor_agregado,29789.0
2017,F_Construccion,valor_agregado,64474.0
2017,G-H_ComercioHotelesRest,valor_agregado,117697.0
2017,I_TransporteComunicaciones,valor_agregado,72176.0
2017,J-K_FinancieroInmobiliario,valor_agregado,182934.0
2017,L-Q_ServiciosSocialesComunales,valor_agregado,157461.0
2017,TOT_Economia,valor_agregado,835906.0
2017,A-B_AgriculturaPesca,remuneracion_asalariados,14500.0
2017,C_Mineria,remuneracion_asalariados,8496.0
2017,D_Manufactura,remuneracion_asalariados,34129.0
2017,E_ElectricidadGasAgua,remuneracion_asalariados,4623.0
2017,F_Construccion,remuneracion_asalariados,16122.0
2017,G-H_ComercioHotelesRest,remuneracion_asalariados,46833.0
2017,I_TransporteComunicaciones,remuneracion_asalariados,20290.0
2017,J-K_FinancieroInmobiliario,remuneracion_asalariados,54958.0
2017,L-Q_ServiciosSocialesComunales,remuneracion_asalariados,112467.0
2017,TOT_Economia,remuneracion_asalariados,312418.0
2017,A-B_AgriculturaPesca,ingreso_mixto,35486.0
2017,C_Mineria,ingreso_mixto,5542.0
2017,D_Manufactura,ingreso_mixto,12364.0
2017,E_ElectricidadGasAgua,ingreso_mixto,614.0
2017,F_Construccion,ingreso_mixto,27949.0
2017,G-H_ComercioHotelesRest,ingreso_mixto,41677.0
2017,I_TransporteComunicaciones,ingreso_mixto,17421.0
2017,J-K_FinancieroInmobiliario,ingreso_mixto,32607.0
2017,L-Q_ServiciosSocialesComunales,ingreso_mixto,9159.0
2017,TOT_Economia,ingreso_mixto,182819.0
2017,A-B_AgriculturaPesca,excedente_explotacion_bruto,9595.0
2017,C_Mineria,excedente_explotacion_bruto,32602.0
2017,D_Manufactura,excedente_explotacion_bruto,55129.0
2017,E_ElectricidadGasAgua,excedente_explotacion_bruto,23777.0
2017,F_Construccion,excedente_explotacion_bruto,19065.0
2017,G-H_ComercioHotelesRest,excedente_explotacion_bruto,24011.0
2017,I_TransporteComunicaciones,excedente_explotacion_bruto,32547.0
2017,J-K_FinancieroInmobiliario,excedente_explotacion_bruto,87543.0
2017,L-Q_ServiciosSocialesComunales,excedente_explotacion_bruto,31787.0
2017,TOT_Economia,excedente_explotacion_bruto,316056.0
2018,A-B_AgriculturaPesca,produccion,97759.0
2018,C_Mineria,produccion,101914.0
2018,D_Manufactura,produccion,364980.0
2018,E_ElectricidadGasAgua,produccion,71733.0
2018,F_Construccion,produccion,167458.0
2018,G-H_ComercioHotelesRest,produccion,225923.0
2018,I_TransporteComunicaciones,produccion,151276.0
2018,J-K_FinancieroInmobiliario,produccion,269220.0
2018,L-Q_ServiciosSocialesComunales,produccion,282632.0
2018,TOT_Economia,produccion,1732895.0
2018,A-B_AgriculturaPesca,valor_agregado,61497.0
2018,C_Mineria,valor_agregado,57788.0
2018,D_Manufactura,valor_agregado,110157.0
2018,E_ElectricidadGasAgua,valor_agregado,32616.0
2018,F_Construccion,valor_agregado,65110.0
2018,G-H_ComercioHotelesRest,valor_agregado,124966.0
2018,I_TransporteComunicaciones,valor_agregado,77090.0
2018,J-K_FinancieroInmobiliario,valor_agregado,197049.0
2018,L-Q_ServiciosSocialesComunales,valor_agregado,170383.0
2018,TOT_Economia,valor_agregado,896656.0
2018,A-B_AgriculturaPesca,remuneracion_asalariados,15238.0
2018,C_Mineria,remuneracion_asalariados,9142.0
2018,D_Manufactura,remuneracion_asalariados,35240.0
2018,E_ElectricidadGasAgua,remuneracion_asalariados,4927.0
2018,F_Construccion,remuneracion_asalariados,16439.0
2018,G-H_ComercioHotelesRest,remuneracion_asalariados,50515.0
2018,I_TransporteComunicaciones,remuneracion_asalariados,21790.0
2018,J-K_FinancieroInmobiliario,remuneracion_asalariados,59724.0
2018,L-Q_ServiciosSocialesComunales,remuneracion_asalariados,123102.0
2018,TOT_Economia,remuneracion_asalariados,336117.0
2018,A-B_AgriculturaPesca,ingreso_mixto,37038.0
2018,C_Mineria,ingreso_mixto,5550.0
2018,D_Manufactura,ingreso_mixto,13473.0
2018,E_ElectricidadGasAgua,ingreso_mixto,658.0
2018,F_Construccion,ingreso_mixto,27551.0
2018,G-H_ComercioHotelesRest,ingreso_mixto,43974.0
2018,I_TransporteComunicaciones,ingreso_mixto,18041.0
2018,J-K_FinancieroInmobiliario,ingreso_mixto,35003.0
2018,L-Q_ServiciosSocialesComunales,ingreso_mixto,10555.0
2018,TOT_Economia,ingreso_mixto,191843.0
2018,A-B_AgriculturaPesca,excedente_explotacion_bruto,9211.0
2018,C_Mineria,excedente_explotacion_bruto,42171.0
2018,D_Manufactura,excedente_explotacion_bruto,57891.0
2018,E_ElectricidadGasAgua,excedente_explotacion_bruto,26187.0
2018,F_Construccion,excedente_explotacion_bruto,19717.0
2018,G-H_ComercioHotelesRest,excedente_explotacion_bruto,24905.0
2018,I_TransporteComunicaciones,excedente_explotacion_bruto,35252.0
2018,J-K_FinancieroInmobiliario,excedente_explotacion_bruto,93977.0
2018,L-Q_ServiciosSocialesComunales,excedente_explotacion_bruto,32427.0
2018,TOT_Economia,excedente_explotacion_bruto,341738.0
2019,A-B_AgriculturaPesca,produccion,107470.0
2019,C_Mineria,produccion,104633.0
2019,D_Manufactura,produccion,388979.0
2019,E_ElectricidadGasAgua,produccion,81346.0
2019,F_Construccion,produccion,170211.0
2019,G-H_ComercioHotelesRest,produccion,244466.0
2019,I_TransporteComunicaciones,produccion,160121.0
2019,J-K_FinancieroInmobiliario,produccion,287917.0
2019,L-Q_ServiciosSocialesComunales,produccion,312302.0
2019,TOT_Economia,produccion,1857445.0
2019,A-B_AgriculturaPesca,valor_agregado,67958.0
2019,C_Mineria,valor_agregado,58317.0
2019,D_Manufactura,valor_agregado,115830.0
2019,E_ElectricidadGasAgua,valor_agregado,36124.0
2019,F_Construccion,valor_agregado,65277.0
2019,G-H_ComercioHotelesRest,valor_agregado,136748.0
2019,I_TransporteComunicaciones,valor_agregado,80899.0
2019,J-K_FinancieroInmobiliario,valor_agregado,211830.0
2019,L-Q_ServiciosSocialesComunales,valor_agregado,186809.0
2019,TOT_Economia,valor_agregado,959792.0
2019,A-B_AgriculturaPesca,remuneracion_asalariados,16308.0
2019,C_Mineria,remuneracion_asalariados,10091.0
2019,D_Manufactura,remuneracion_asalariados,37554.0
2019,E_ElectricidadGasAgua,remuneracion_asalariados,5488.0
2019,F_Construccion,remuneracion_asalariados,17242.0
2019,G-H_ComercioHotelesRest,remuneracion_asalariados,54444.0
2019,I_TransporteComunicaciones,remuneracion_asalariados,24182.0
2019,J-K_FinancieroInmobiliario,remuneracion_asalariados,64754.0
2019,L-Q_ServiciosSocialesComunales,remuneracion_asalariados,134993.0
2019,TOT_Economia,remuneracion_asalariados,365056.0
2019,A-B_AgriculturaPesca,ingreso_mixto,40975.0
2019,C_Mineria,ingreso_mixto,6386.0
2019,D_Manufactura,ingreso_mixto,13468.0
2019,E_ElectricidadGasAgua,ingreso_mixto,754.0
2019,F_Construccion,ingreso_mixto,25198.0
2019,G-H_ComercioHotelesRest,ingreso_mixto,48554.0
2019,I_TransporteComunicaciones,ingreso_mixto,18561.0
2019,J-K_FinancieroInmobiliario,ingreso_mixto,38053.0
2019,L-Q_ServiciosSocialesComunales,ingreso_mixto,11348.0
2019,TOT_Economia,ingreso_mixto,203297.0
2019,A-B_AgriculturaPesca,excedente_explotacion_bruto,9949.0
2019,C_Mineria,excedente_explotacion_bruto,41033.0
2019,D_Manufactura,excedente_explotacion_bruto,60960.0
2019,E_ElectricidadGasAgua,excedente_explotacion_bruto,28919.0
2019,F_Construccion,excedente_explotacion_bruto,21327.0
2019,G-H_ComercioHotelesRest,excedente_explotacion_bruto,27617.0
2019,I_TransporteComunicaciones,excedente_explotacion_bruto,35990.0
2019,J-K_FinancieroInmobiliario,excedente_explotacion_bruto,99984.0
2019,L-Q_ServiciosSocialesComunales,excedente_explotacion_bruto,36271.0
2019,TOT_Economia,excedente_explotacion_bruto,362050.0
2020,A-B_AgriculturaPesca,produccion,118643.0
2020,C_Mineria,produccion,76193.0
2020,D_Manufactura,produccion,370361.0
2020,E_ElectricidadGasAgua,produccion,85978.0
2020,F_Construccion,produccion,129972.0
2020,G-H_ComercioHotelesRest,produccion,235558.0
2020,I_TransporteComunicaciones,produccion,138908.0
2020,J-K_FinancieroInmobiliario,produccion,290451.0
2020,L-Q_ServiciosSocialesComunales,produccion,305609.0
2020,TOT_Economia,produccion,1751673.0
2020,A-B_AgriculturaPesca,valor_agregado,74970.0
2020,C_Mineria,valor_agregado,40689.0
2020,D_Manufactura,valor_agregado,107111.0
2020,E_ElectricidadGasAgua,valor_agregado,38850.0
2020,F_Construccion,valor_agregado,47384.0
2020,G-H_ComercioHotelesRest,valor_agregado,127466.0
2020,I_TransporteComunicaciones,valor_agregado,71508.0
2020,J-K_FinancieroInmobiliario,valor_agregado,213213.0
2020,L-Q_ServiciosSocialesComunales,valor_agregado,188112.0
2020,TOT_Economia,valor_agregado,909303.0
2020,A-B_AgriculturaPesca,remuneracion_asalariados,16648.0
2020,C_Mineria,remuneracion_asalariados,9368.0
2020,D_Manufactura,remuneracion_asalariados,40023.0
2020,E_ElectricidadGasAgua,remuneracion_asalariados,5717.0
2020,F_Construccion,remuneracion_asalariados,17043.0
2020,G-H_ComercioHotelesRest,remuneracion_asalariados,54660.0
2020,I_TransporteComunicaciones,remuneracion_asalariados,25822.0
2020,J-K_FinancieroInmobiliario,remuneracion_asalariados,64958.0
2020,L-Q_ServiciosSocialesComunales,remuneracion_asalariados,138249.0
2020,TOT_Economia,remuneracion_asalariados,372488.0
2020,A-B_AgriculturaPesca,ingreso_mixto,47239.0
2020,C_Mineria,ingreso_mixto,7217.0
2020,D_Manufactura,ingreso_mixto,14092.0
2020,E_ElectricidadGasAgua,ingreso_mixto,652.0
2020,F_Construccion,ingreso_mixto,16175.0
2020,G-H_ComercioHotelesRest,ingreso_mixto,44992.0
2020,I_TransporteComunicaciones,ingreso_mixto,14185.0
2020,J-K_FinancieroInmobiliario,ingreso_mixto,39030.0
2020,L-Q_ServiciosSocialesComunales,ingreso_mixto,10319.0
2020,TOT_Economia,ingreso_mixto,193901.0
2020,A-B_AgriculturaPesca,excedente_explotacion_bruto,10465.0
2020,C_Mineria,excedente_explotacion_bruto,23410.0
2020,D_Manufactura,excedente_explotacion_bruto,50152.0
2020,E_ElectricidadGasAgua,excedente_explotacion_bruto,31513.0
2020,F_Construccion,excedente_explotacion_bruto,13408.0
2020,G-H_ComercioHotelesRest,excedente_explotacion_bruto,22983.0
2020,I_TransporteComunicaciones,excedente_explotacion_bruto,30105.0
2020,J-K_FinancieroInmobiliario,excedente_explotacion_bruto,101499.0
2020,L-Q_ServiciosSocialesComunales,excedente_explotacion_bruto,35938.0
2020,TOT_Economia,excedente_explotacion_bruto,319473.0
2021,A-B_AgriculturaPesca,produccion,145790.0
2021,C_Mineria,produccion,110593.0
2021,D_Manufactura,produccion,478549.0
2021,E_ElectricidadGasAgua,produccion,97132.0
2021,F_Construccion,produccion,146372.0
2021,G-H_ComercioHotelesRest,produccion,324432.0
2021,I_TransporteComunicaciones,produccion,165469.0
2021,J-K_FinancieroInmobiliario,produccion,315041.0
2021,L-Q_ServiciosSocialesComunales,produccion,356682.0
2021,TOT_Economia,produccion,2140060.0
2021,A-B_AgriculturaPesca,valor_agregado,92690.0
2021,C_Mineria,valor_agregado,64235.0
2021,D_Manufactura,valor_agregado,133565.0
2021,E_ElectricidadGasAgua,valor_agregado,44820.0
2021,F_Construccion,valor_agregado,50235.0
2021,G-H_ComercioHotelesRest,valor_agregado,165143.0
2021,I_TransporteComunicaciones,valor_agregado,83838.0
2021,J-K_FinancieroInmobiliario,valor_agregado,230674.0
2021,L-Q_ServiciosSocialesComunales,valor_agregado,214374.0
2021,TOT_Economia,valor_agregado,1079574.0
2021,A-B_AgriculturaPesca,remuneracion_asalariados,16678.0
2021,C_Mineria,remuneracion_asalariados,9696.0
2021,D_Manufactura,remuneracion_asalariados,41788.0
2021,E_ElectricidadGasAgua,remuneracion_asalariados,6084.0
2021,F_Construccion,remuneracion_asalariados,17640.0
2021,G-H_ComercioHotelesRest,remuneracion_asalariados,66186.0
2021,I_TransporteComunicaciones,remuneracion_asalariados,28948.0
2021,J-K_FinancieroInmobiliario,remuneracion_asalariados,70678.0
2021,L-Q_ServiciosSocialesComunales,remuneracion_asalariados,148190.0
2021,TOT_Economia,remuneracion_asalariados,405888.0
2021,A-B_AgriculturaPesca,ingreso_mixto,60304.0
2021,C_Mineria,ingreso_mixto,8682.0
2021,D_Manufactura,ingreso_mixto,16759.0
2021,E_ElectricidadGasAgua,ingreso_mixto,1066.0
2021,F_Construccion,ingreso_mixto,18445.0
2021,G-H_ComercioHotelesRest,ingreso_mixto,62857.0
2021,I_TransporteComunicaciones,ingreso_mixto,18361.0
2021,J-K_FinancieroInmobiliario,ingreso_mixto,39710.0
2021,L-Q_ServiciosSocialesComunales,ingreso_mixto,11009.0
2021,TOT_Economia,ingreso_mixto,237193.0
2021,A-B_AgriculturaPesca,excedente_explotacion_bruto,14697.0
2021,C_Mineria,excedente_explotacion_bruto,44669.0
2021,D_Manufactura,excedente_explotacion_bruto,70855.0
2021,E_ElectricidadGasAgua,excedente_explotacion_bruto,36623.0
2021,F_Construccion,excedente_explotacion_bruto,13053.0
2021,G-H_ComercioHotelesRest,excedente_explotacion_bruto,29184.0
2021,I_TransporteComunicaciones,excedente_explotacion_bruto,34567.0
2021,J-K_FinancieroInmobiliario,excedente_explotacion_bruto,110714.0
2021,L-Q_ServiciosSocialesComunales,excedente_explotacion_bruto,50868.0
2021,TOT_Economia,excedente_explotacion_bruto,405230.0
2022,A-B_AgriculturaPesca,produccion,199185.0
2022,C_Mineria,produccion,183283.0
2022,D_Manufactura,produccion,602977.0
2022,E_ElectricidadGasAgua,produccion,117968.0
2022,F_Construccion,produccion,172207.0
2022,G-H_ComercioHotelesRest,produccion,425908.0
2022,I_TransporteComunicaciones,produccion,210621.0
2022,J-K_FinancieroInmobiliario,produccion,351436.0
2022,L-Q_ServiciosSocialesComunales,produccion,411180.0
2022,TOT_Economia,produccion,2674765.0
2022,A-B_AgriculturaPesca,valor_agregado,129919.0
2022,C_Mineria,valor_agregado,107532.0
2022,D_Manufactura,valor_agregado,163991.0
2022,E_ElectricidadGasAgua,valor_agregado,54995.0
2022,F_Construccion,valor_agregado,57772.0
2022,G-H_ComercioHotelesRest,valor_agregado,206049.0
2022,I_TransporteComunicaciones,valor_agregado,103062.0
2022,J-K_FinancieroInmobiliario,valor_agregado,255421.0
2022,L-Q_ServiciosSocialesComunales,valor_agregado,243219.0
2022,TOT_Economia,valor_agregado,1321960.0
2022,A-B_AgriculturaPesca,remuneracion_asalariados,18002.0
2022,C_Mineria,remuneracion_asalariados,10450.0
2022,D_Manufactura,remuneracion_asalariados,46730.0
2022,E_ElectricidadGasAgua,remuneracion_asalariados,6854.0
2022,F_Construccion,remuneracion_asalariados,19841.0
2022,G-H_ComercioHotelesRest,remuneracion_asalariados,75520.0
2022,I_TransporteComunicaciones,remuneracion_asalariados,34508.0
2022,J-K_FinancieroInmobiliario,remuneracion_asalariados,83705.0
2022,L-Q_ServiciosSocialesComunales,remuneracion_asalariados,164083.0
2022,TOT_Economia,remuneracion_asalariados,459693.0
2022,A-B_AgriculturaPesca,ingreso_mixto,91057.0
2022,C_Mineria,ingreso_mixto,9893.0
2022,D_Manufactura,ingreso_mixto,21975.0
2022,E_ElectricidadGasAgua,ingreso_mixto,1591.0
2022,F_Construccion,ingreso_mixto,23172.0
2022,G-H_ComercioHotelesRest,ingreso_mixto,86370.0
2022,I_TransporteComunicaciones,ingreso_mixto,23115.0
2022,J-K_FinancieroInmobiliario,ingreso_mixto,43758.0
2022,L-Q_ServiciosSocialesComunales,ingreso_mixto,13734.0
2022,TOT_Economia,ingreso_mixto,314665.0
2022,A-B_AgriculturaPesca,excedente_explotacion_bruto,19374.0
2022,C_Mineria,excedente_explotacion_bruto,85442.0
2022,D_Manufactura,excedente_explotacion_bruto,89954.0
2022,E_ElectricidadGasAgua,excedente_explotacion_bruto,45330.0
2022,F_Construccion,excedente_explotacion_bruto,13449.0
2022,G-H_ComercioHotelesRest,excedente_explotacion_bruto,34761.0
2022,I_TransporteComunicaciones,excedente_explotacion_bruto,42973.0
2022,J-K_FinancieroInmobiliario,excedente_explotacion_bruto,117192.0
2022,L-Q_ServiciosSocialesComunales,excedente_explotacion_bruto,60481.0
2022,TOT_Economia,excedente_explotacion_bruto,508956.0
2023,A-B_AgriculturaPesca,produccion,211233.0
2023,C_Mineria,produccion,153080.0
2023,D_Manufactura,produccion,615360.0
2023,E_ElectricidadGasAgua,produccion,142637.0
2023,F_Construccion,produccion,185790.0
2023,G-H_ComercioHotelesRest,produccion,440124.0
2023,I_TransporteComunicaciones,produccion,229455.0
2023,J-K_FinancieroInmobiliario,produccion,384207.0
2023,L-Q_ServiciosSocialesComunales,produccion,478034.0
2023,TOT_Economia,produccion,2839920.0
2023,A-B_AgriculturaPesca,valor_agregado,139608.0
2023,C_Mineria,valor_agregado,89946.0
2023,D_Manufactura,valor_agregado,172768.0
2023,E_ElectricidadGasAgua,valor_agregado,65997.0
2023,F_Construccion,valor_agregado,64229.0
2023,G-H_ComercioHotelesRest,valor_agregado,222432.0
2023,I_TransporteComunicaciones,valor_agregado,113145.0
2023,J-K_FinancieroInmobiliario,valor_agregado,280792.0
2023,L-Q_ServiciosSocialesComunales,valor_agregado,283641.0
2023,TOT_Economia,valor_agregado,1432558.0
2023,A-B_AgriculturaPesca,remuneracion_asalariados,19824.0
2023,C_Mineria,remuneracion_asalariados,12573.0
2023,D_Manufactura,remuneracion_asalariados,53452.0
2023,E_ElectricidadGasAgua,remuneracion_asalariados,8112.0
2023,F_Construccion,remuneracion_asalariados,21108.0
2023,G-H_ComercioHotelesRest,remuneracion_asalariados,85908.0
2023,I_TransporteComunicaciones,remuneracion_asalariados,40753.0
2023,J-K_FinancieroInmobiliario,remuneracion_asalariados,94207.0
2023,L-Q_ServiciosSocialesComunales,remuneracion_asalariados,187893.0
2023,TOT_Economia,remuneracion_asalariados,523830.0
2023,A-B_AgriculturaPesca,ingreso_mixto,96424.0
2023,C_Mineria,ingreso_mixto,11649.0
2023,D_Manufactura,ingreso_mixto,22464.0
2023,E_ElectricidadGasAgua,ingreso_mixto,1493.0
2023,F_Construccion,ingreso_mixto,26153.0
2023,G-H_ComercioHotelesRest,ingreso_mixto,88416.0
2023,I_TransporteComunicaciones,ingreso_mixto,26018.0
2023,J-K_FinancieroInmobiliario,ingreso_mixto,46080.0
2023,L-Q_ServiciosSocialesComunales,ingreso_mixto,15471.0
2023,TOT_Economia,ingreso_mixto,334168.0
2023,A-B_AgriculturaPesca,excedente_explotacion_bruto,21615.0
2023,C_Mineria,excedente_explotacion_bruto,64079.0
2023,D_Manufactura,excedente_explotacion_bruto,90620.0
2023,E_ElectricidadGasAgua,excedente_explotacion_bruto,54712.0
2023,F_Construccion,excedente_explotacion_bruto,15353.0
2023,G-H_ComercioHotelesRest,excedente_explotacion_bruto,36543.0
2023,I_TransporteComunicaciones,excedente_explotacion_bruto,43380.0
2023,J-K_FinancieroInmobiliario,excedente_explotacion_bruto,127336.0
2023,L-Q_ServiciosSocialesComunales,excedente_explotacion_bruto,74206.0
2023,TOT_Economia,excedente_explotacion_bruto,527844.0
2024,A-B_AgriculturaPesca,produccion,235666.0
2024,C_Mineria,produccion,134302.0
2024,D_Manufactura,produccion,621120.0
2024,E_ElectricidadGasAgua,produccion,161742.0
2024,F_Construccion,produccion,200587.0
2024,G-H_ComercioHotelesRest,produccion,463741.0
2024,I_TransporteComunicaciones,produccion,240640.0
2024,J-K_FinancieroInmobiliario,produccion,418982.0
2024,L-Q_ServiciosSocialesComunales,produccion,536582.0
2024,TOT_Economia,produccion,3013362.0
2024,A-B_AgriculturaPesca,valor_agregado,162691.0
2024,C_Mineria,valor_agregado,77010.0
2024,D_Manufactura,valor_agregado,175206.0
2024,E_ElectricidadGasAgua,valor_agregado,74617.0
2024,F_Construccion,valor_agregado,74469.0
2024,G-H_ComercioHotelesRest,valor_agregado,238078.0
2024,I_TransporteComunicaciones,valor_agregado,118794.0
2024,J-K_FinancieroInmobiliario,valor_agregado,306528.0
2024,L-Q_ServiciosSocialesComunales,valor_agregado,323581.0
2024,TOT_Economia,valor_agregado,1550974.0
2024,A-B_AgriculturaPesca,remuneracion_asalariados,21186.0
2024,C_Mineria,remuneracion_asalariados,13207.0
2024,D_Manufactura,remuneracion_asalariados,58496.0
2024,E_ElectricidadGasAgua,remuneracion_asalariados,9203.0
2024,F_Construccion,remuneracion_asalariados,22205.0
2024,G-H_ComercioHotelesRest,remuneracion_asalariados,95888.0
2024,I_TransporteComunicaciones,remuneracion_asalariados,44706.0
2024,J-K_FinancieroInmobiliario,remuneracion_asalariados,100496.0
2024,L-Q_ServiciosSocialesComunales,remuneracion_asalariados,211896.0
2024,TOT_Economia,remuneracion_asalariados,577283.0
2024,A-B_AgriculturaPesca,ingreso_mixto,117509.0
2024,C_Mineria,ingreso_mixto,11777.0
2024,D_Manufactura,ingreso_mixto,22319.0
2024,E_ElectricidadGasAgua,ingreso_mixto,1388.0
2024,F_Construccion,ingreso_mixto,32534.0
2024,G-H_ComercioHotelesRest,ingreso_mixto,96183.0
2024,I_TransporteComunicaciones,ingreso_mixto,27131.0
2024,J-K_FinancieroInmobiliario,ingreso_mixto,52807.0
2024,L-Q_ServiciosSocialesComunales,ingreso_mixto,17118.0
2024,TOT_Economia,ingreso_mixto,378766.0
2024,A-B_AgriculturaPesca,excedente_explotacion_bruto,22108.0
2024,C_Mineria,excedente_explotacion_bruto,50618.0
2024,D_Manufactura,excedente_explotacion_bruto,88357.0
2024,E_ElectricidadGasAgua,excedente_explotacion_bruto,62146.0
2024,F_Construccion,excedente_explotacion_bruto,17994.0
2024,G-H_ComercioHotelesRest,excedente_explotacion_bruto,33790.0
2024,I_TransporteComunicaciones,excedente_explotacion_bruto,43937.0
2024,J-K_FinancieroInmobiliario,excedente_explotacion_bruto,139064.0
2024,L-Q_ServiciosSocialesComunales,excedente_explotacion_bruto,86983.0
2024,TOT_Economia,excedente_explotacion_bruto,544997.0
