anio,rama_ptf,dln_V,dln_L,dln_K,wL_bar,wK_bar,aporte_L,aporte_K,dln_T
2015,A-B_AgriculturaPesca,0.042104290785150766,-0.007609260667708925,0.02969347412520129,0.6404535738962703,0.35954642610372967,-0.004873378189342501,0.010676182500319695,0.03630148647417357
2016,A-B_AgriculturaPesca,0.026999026310820184,0.015682736292859056,0.028782761196413986,0.6121655511576076,0.3878344488423924,0.00960043090637748,0.011162946324773416,0.006235649079669288
2017,A-B_AgriculturaPesca,0.05426180959439009,0.044226356317694046,0.028304020768088023,0.6001842859515398,0.39981571404846006,0.026543964086773574,0.011316392273835556,0.016401453233780953
2018,A-B_AgriculturaPesca,0.015822474343796245,0.004459748528375161,0.014432968117024103,0.6141237806233721,0.38587621937662775,0.002738837626875274,0.005569339171380667,0.007514297545540304
2019,A-B_AgriculturaPesca,0.026809450676156033,-0.03284935065445316,0.0187072228997458,0.5733798024968556,0.4266201975031444,-0.018835154190400306,0.0079808791282249,0.03766372573833144
2022,A-B_AgriculturaPesca,-0.00911466760214985,0.04723640880066492,0.0062508361732884765,0.8836468903455978,0.11635310965440222,0.041740305747800986,7.273042267023381e-4,-0.05158227757665318
2023,A-B_AgriculturaPesca,0.016345185427015352,0.0382021598720669,0.004862264545263173,0.7997515014484831,0.20024849855151694,0.03055223471626049,9.736611747492247e-4,-0.015180710463994362
2024,A-B_AgriculturaPesca,0.059481273097036436,-0.03098655341215757,0.010749975729311245,0.8257768991062646,0.17422310089373538,-0.02558797999068212,0.0018728941060929998,0.08319635898162556
2015,C_Mineria,-0.010636068609171545,-0.0297800136808961,0.07002341504954757,0.2014835698764732,0.7985164301235268,-0.0060001834673971575,0.05591484741042276,-0.06055073255219716
2016,C_Mineria,-0.02927350059610312,-0.18199646305167033,0.05337027132659422,0.25449840621755593,0.7455015937824441,-0.046317809783882405,0.039787622334577465,-0.022743313146798186
2017,C_Mineria,-0.05925966681864203,-0.03409165517138077,0.038800940753896285,0.2715419766530416,0.7284580233469584,-0.009257315432610621,0.02826485660558573,-0.07826720799161714
2018,C_Mineria,-0.0167579171402501,0.21116586088181682,0.025836950681323856,0.25834570854441946,0.7416542914555806,0.054553793949905276,0.019162085350930023,-0.0904737964410854
2019,C_Mineria,0.019059948990404862,0.05370683016239483,0.029311947021284368,0.2484054046699436,0.7515945953300565,0.01334106688002962,0.02203070095979828,-0.016311818849423038
2022,C_Mineria,0.014435662259330684,0.1447580089173642,0.03186156436330201,0.20167250507404927,0.7983274949259507,0.029193710287896402,0.025435962862576836,-0.04019401089114255
2023,C_Mineria,0.02535198327353605,0.11714768423075105,0.013207014850069143,0.18893444415068716,0.8110655558493128,0.02213323260367717,0.01071175484048146,-0.00749300417062258
2024,C_Mineria,-0.03472767564815804,0.015102650358263272,0.012843651989541627,0.2317956147063815,0.7682043852936185,0.003500728123489188,0.009866549781550986,-0.04809495355319821
2015,D_Manufactura,0.01983342020413481,0.015855250707218625,0.06300688950952171,0.48886635514945204,0.5111336448505479,0.007751098623218741,0.03220494108569758,-0.020122619504781513
2016,D_Manufactura,0.03172928215839654,-0.023550371953698815,0.030526316005996534,0.4814561328014236,0.5185438671985765,-0.011338471006862938,0.015829233953075245,0.027238519212184238
2017,D_Manufactura,-0.01833588957584631,-0.012910328211287217,0.030829891987284697,0.48670401392958346,0.5132959860704165,-0.006283508561581828,0.015824859808057732,-0.027877240822322208
2018,D_Manufactura,0.014641577672641404,2.444830688979428e-4,0.027732106568237214,0.49970131802065976,0.5002986819793402,1.2216851176203778e-4,0.013874336364599683,6.450727962796829e-4
2019,D_Manufactura,0.011947551858286332,0.020542139889889195,0.02912205533866974,0.5039522209783722,0.4960477790216278,0.010352257021158074,0.014445930871292062,-0.012850636034163804
2022,D_Manufactura,0.07843516866847189,0.2740510917678469,0.04020356335122699,0.4627960519859279,0.5372039480140721,0.12682976331259277,0.021597512956513,-0.06999210760063387
2023,D_Manufactura,-0.016340996338877645,0.0301776143542112,0.020913584788626594,0.43647918498290983,0.5635208150170902,0.013171900518054665,0.011785240345015878,-0.04129813720194819
2024,D_Manufactura,-0.025981731487636495,0.011107350333777488,0.01912930439562288,0.4583713894005913,0.5416286105994087,0.005091291605052709,0.010360978561534383,-0.04143400165422358
2015,E_ElectricidadGasAgua,-0.0070408967319135485,0.09111574122027044,0.03768785371191008,0.18024727381030753,0.8197527261896924,0.01642336395615921,0.030894720824576605,-0.05435898151264936
2016,E_ElectricidadGasAgua,-8.130742341272423e-5,-0.0746395620140314,0.0449541169820975,0.1863475188233375,0.8136524811766626,-0.013908897187375382,0.03657702882158957,-0.022749439057626913
2017,E_ElectricidadGasAgua,0.028443348450620576,0.06817174529263052,0.042210275331234115,0.18322119837556783,0.8167788016244322,0.012490508867869739,0.034476458101282734,-0.018523618518531897
2018,E_ElectricidadGasAgua,0.025160019175888948,0.011387068771008667,0.032338935206826847,0.18049637169119218,0.8195036283088077,0.0020553245973651472,0.026501874737638046,-0.0033971801591142453
2019,E_ElectricidadGasAgua,0.02489001229850274,0.13379299180768803,0.02026037620457366,0.1811035599977851,0.818896440002215,0.024230387119126798,0.016591149947030957,-0.015931524767655015
2022,E_ElectricidadGasAgua,0.045043326498808156,0.22559505206163913,0.00928517527473538,0.19868874238070566,0.8013112576192943,0.044823197181436895,0.007440315476613784,-0.007220186159242525
2023,E_ElectricidadGasAgua,0.031078526531695516,0.06308793631020768,0.0063306221049792555,0.19322459801512537,0.8067754019848746,0.01219014113314371,0.005107390193558972,0.013780995204992836
2024,E_ElectricidadGasAgua,0.02459023758249934,-0.03919620017395602,0.010553560622128089,0.18313565137302207,0.816864348626978,-0.007178221650204796,0.008620827423289986,0.023147631809414152
2015,F_Construccion,0.06109875610691873,0.17955690923990864,0.002500277138945961,0.43393980440779545,0.5660601955922047,0.07791689007563424,0.0014153073663064686,-0.01823344133502198
2016,F_Construccion,0.03525884200983853,0.015265327943555467,0.04814677094118025,0.42540286639221414,0.574597133607786,0.006493914263605659,0.027664996575272816,0.0010999311709600562
2017,F_Construccion,-0.020464486385414205,-0.03843930149119672,0.047630913823573096,0.4388658535208637,0.5611341464791364,-0.016869696857679858,0.026727332174411988,-0.030322121702146338
2018,F_Construccion,-0.012831295411636745,-0.02635233521266056,-0.013260971254274168,0.46515374003135807,0.5348462599686419,-0.012257887282729113,-0.007092580878900208,0.006519172749992576
2019,F_Construccion,-0.03969632923561406,0.07915105000690643,0.015298577251748213,0.46961030288166905,0.530389697118331,0.03717014856714546,0.008114207754896123,-0.08498068555765564
2022,F_Construccion,0.06431454861059827,0.14993970304131315,0.015529603727477692,0.6937288246310072,0.30627117536899295,0.10401749395637243,0.0047562699866292866,-0.04445921533240345
2023,F_Construccion,-0.03140256975897948,0.02646498225404007,-0.003056646149778075,0.6255365825426414,0.37446341745735856,0.01655481455624388,-0.0011446021632037751,-0.04681278215201959
2024,F_Construccion,8.403884956749152e-4,-0.02714917110082202,-0.0011743670508472803,0.5719084335760342,0.42809156642396584,-0.015526839917158856,-5.027366303539054e-4,0.016869965043187676
2015,G-H_ComercioHotelesRest,0.031547991116191554,-0.03470499834933839,0.08129508130772045,0.91201638773431,0.08798361226568999,-0.03165152723088879,0.007152634912886218,0.05604688343419413
2016,G-H_ComercioHotelesRest,0.03680150843244867,0.019108085991782577,0.014875593901614081,0.8692757752113224,0.13072422478867765,0.016610196263311408,0.0019446004810596816,0.01824671168807758
2017,G-H_ComercioHotelesRest,0.017700223067734555,-0.015980493720349993,0.022227148701482236,0.8242165711747671,0.17578342882523293,-0.013171387739866768,0.003907164411754871,0.026964446395846452
2018,G-H_ComercioHotelesRest,0.027156223437398097,0.028929680703052928,0.03573242206022087,0.8201640302082895,0.17983596979171043,0.023727083518054873,0.006425974774206528,-0.002996834854863302
2019,G-H_ComercioHotelesRest,0.037845239905827555,0.07665222473191384,0.05217129088374328,0.8136014565760178,0.1863985434239822,0.062364361691677354,0.00972465262927863,-0.03424377441512843
2022,G-H_ComercioHotelesRest,0.09440532023950965,0.1935227640133262,0.08149434067684957,0.7478219076754729,0.2521780923245271,0.14472056256307594,0.020551087367133035,-0.07086632969069934
2023,G-H_ComercioHotelesRest,-0.051439156893110294,0.039279705697743326,0.010438605098476827,0.6853496700659084,0.3146503299340916,0.026920333340234373,0.0032845105382874242,-0.08164400077163209
2024,G-H_ComercioHotelesRest,0.014080024042641526,0.009687741349500956,0.012190555355683586,0.6978241118597273,0.30217588814027274,0.00676033950314226,0.003683691891526846,0.003635992647972419
2015,I_TransporteComunicaciones,0.02675344228572385,0.0024743269500075347,0.03159205996178649,0.7588656922514883,0.24113430774851177,0.0018776818337739815,0.007617929509234861,0.017257830942715005
2016,I_TransporteComunicaciones,-0.0010985866473891548,-0.036272246268614895,0.03795209493383567,0.7185939757070583,0.28140602429294165,-0.026065017653989487,0.010679948148918988,0.014286482857681344
2017,I_TransporteComunicaciones,0.01221367291402764,-0.010713503539049816,0.03643602109150024,0.7121993494800468,0.2878006505199532,-0.0076301502511634586,0.010486310572492503,0.009357512592698595
2018,I_TransporteComunicaciones,0.02818203789360041,8.388270377559537e-4,0.0498475593630765,0.7241321784250137,0.2758678215749864,6.0742165017202e-4,0.01375133761232173,0.013823278631106658
2019,I_TransporteComunicaciones,0.025005786292036092,0.08391484027570176,0.049989763086296435,0.7389869084304967,0.26101309156950325,0.062011968386779776,0.013047982609981265,-0.05005416470472495
2022,I_TransporteComunicaciones,0.14809008629094222,0.2140003922775046,0.07204625988139313,0.770773537971337,0.22922646202866304,0.1649458394829862,0.01651490925500935,-0.033370662447053306
2023,I_TransporteComunicaciones,0.00920437062740298,0.10046723609807907,0.01627194291968337,0.7943403577637385,0.2056596422362615,0.0798051802656821,0.00334648195935095,-0.07394729159763007
2024,I_TransporteComunicaciones,0.003863665227660462,-0.02081763027731455,0.013055846006562177,0.8359066497807033,0.16409335021929672,-0.01740159558148334,0.002142377511164014,0.019122883297979787
2015,J-K_FinancieroInmobiliario,0.029198634907494636,0.017688840678381973,0.06381031290981198,0.4628501180510545,0.5371498819489455,0.008187281996175392,0.03427570204663078,-0.013264349135311536
2016,J-K_FinancieroInmobiliario,0.012868247635710262,0.04591302305201882,0.05829535354920168,0.4721341228034661,0.5278658771965339,0.021677104863920223,0.03077212793773142,-0.039580985165941385
2017,J-K_FinancieroInmobiliario,0.029196058327210395,0.003042185356747033,0.05440119416717337,0.466647983952699,0.533352016047301,0.0014196296635364254,0.029014986584442588,-0.0012385579207686184
2018,J-K_FinancieroInmobiliario,0.03843533816578493,0.03091478025889324,0.051556724977803725,0.4632897916061476,0.5367102083938524,0.014322502103692495,0.027671020606941574,-0.003558184544849142
2019,J-K_FinancieroInmobiliario,0.03892808399929848,0.08695344390532472,0.04365113431395251,0.4632026358178325,0.5367973641821675,0.04027706441038446,0.023431813843291474,-0.02478079425437745
2022,J-K_FinancieroInmobiliario,0.04970342565120234,0.19766552535605175,0.038367281511167306,0.4672781552244998,0.5327218447755002,0.09236478203985744,0.02043908898564999,-0.06310044537430509
2023,J-K_FinancieroInmobiliario,0.03394461690188777,0.06421314156890842,0.03187076589251525,0.49914049279634487,0.5008595072036551,0.03205137912670641,0.01596277609912825,-0.014069538323946886
2024,J-K_FinancieroInmobiliario,0.009802506063641303,-0.004250954812518422,0.029001856183114683,0.5052191207305815,0.49478087926941844,-0.0021476636526459912,0.014349563902726702,-0.0023993941864394073
2015,L-Q_ServiciosSocialesComunales,0.05035999686869452,0.015556476253277761,0.06115457185913442,1,0,0.015556476253277761,0,0.034803520615416764
2016,L-Q_ServiciosSocialesComunales,0.03871171123515005,0.019055668477698066,0.05364317536001195,1,0,0.019055668477698066,0,0.01965604275745198
2017,L-Q_ServiciosSocialesComunales,0.03217117018029114,-0.026625365775299205,0.057076664613168404,1,0,-0.026625365775299205,0,0.05879653595559035
2018,L-Q_ServiciosSocialesComunales,0.04297867800830346,0.03946832846869143,0.06015309159109883,1,0,0.03946832846869143,0,0.0035103495396120316
2019,L-Q_ServiciosSocialesComunales,0.0599231874390469,0.08227637625687904,0.06858262341597232,1,0,0.08227637625687904,0,-0.022353188817832145
2022,L-Q_ServiciosSocialesComunales,0.05172818725977102,0.1986517639318784,0.030242230304686757,0.9469236111855139,0.05307638881448609,0.18810804567074652,0.0016051483742687885,-0.13798500678524428
2023,L-Q_ServiciosSocialesComunales,0.05789981162215696,0.027652396833199196,0.016807872556979575,0.9500443811045008,0.04995561889549914,0.02627100423545279,8.396476759005903e-4,0.03078915971080358
2024,L-Q_ServiciosSocialesComunales,0.04757040813904467,-0.002742710727243839,0.017683088590777274,0.9451960336455766,0.05480396635442342,-0.0025923993008280517,9.691033921712463e-4,0.04919370404770148
